rnbqkb1r/ppp2ppp/8/3p4/3Pn3/P4N2/1PP2PPP/RNBQKB1R b KQkq - 0 6	f8d6,c7c6,c8f5,b8c6,g7g6,b8d7,f8e7,c8g4,c7c5,c8e6,h7h6,e4d6,a7a5,e4f6,d8e7,a7a6
rnbqk2r/ppp1bppp/4pn2/3p4/2P5/3P1NP1/PP2PPBP/RNBQK2R b KQkq - 0 5	c7c5,e8g8,h7h6,b8c6,c7c6,a7a5,a7a6,b7b6,d5c4,d5d4,b8d7,b8a6,c8d7,d8d7,e7d6,e7b4
r1bqk2r/pppp1ppp/2n2n2/1B6/1b1NP3/2P5/PP3PPP/RNBQK2R b KQkq - 0 6	b4c5,b4a5,c6d4,b4e7,b4f8,b4d6,d8e7,a7a5,e8g8,f6e4,a7a6,h7h6,h7h5,c6e5,b4c3,g7g6
rnbq1rk1/ppp1bppp/4pn2/3p4/2P5/3P1NP1/PP2PPBP/RNBQK2R w KQ - 1 6	e1g1,b2b3,c1f4,d1c2,b1c3,c4d5,d3d4,f3e5,b1a3,a2a3,c1d2,b1d2,h2h3,d1a4,d1b3,h2h4
rn1q1rk1/ppp1ppbp/3p1np1/8/3PPBb1/2N2N2/PPP1BPPP/R2QK2R w KQ - 6 7	d1d2,e1g1,f4e3,h2h3,d1d3,a2a4,f3d2,a2a3,f4g5,f4c1,g2g3,f3g5,a1b1,h2h4,f4d2,a1c1
r1bqk2r/pppp1ppp/2n2n2/1Bb5/3NP3/2P5/PP3PPP/RNBQK2R w KQkq - 1 7	c1e3,e1g1,b5c6,c1g5,f2f3,d4b3,d4f5,d1d3,d1a4,b2b4,d4c6,b5d3,c1f4,b1d2,a2a4,d4c2
rnbqk2r/ppp2ppp/3b4/3p4/3Pn3/P4N2/1PP2PPP/RNBQKB1R w KQkq - 1 7	c2c4,f1d3,f1e2,c1e3,h2h3,b1d2,b1c3,f3d2,g2g3,f1b5,a3a4,c2c3,c1d2,d1d3,a1a2,b2b3
r1bq1rk1/1p2ppbp/p1np1np1/2p5/2P4P/P1NP1NP1/1P2PPB1/1RBQK2R b K - 0 9	a8b8,c8f5,c8e6,c8d7,a6a5,f6h5,b7b5,h7h6,f8e8,c8g4,h7h5,f6g4,d8d7,e7e6,b7b6,a8a7
rnbq1rk1/ppp1ppbp/3p1np1/8/3PPB2/2N2N2/PPP1BPPP/R2QK2R b KQ - 5 6	b8d7,c7c5,c8g4,b8c6,a7a6,c7c6,f8e8,c8e6,a7a5,d8e8,b7b6,d6d5,b8a6,f6h5,e7e6,c8d7
r1bq1rk1/1p2ppbp/p1np1np1/2p5/2P4P/2NP1NP1/PP2PPB1/1RBQK2R w K - 0 9	c3d5,b2b3,a2a3,e1g1,c1g5,f3h2,c1e3,a2a4,c1d2,d1d2,c1f4,d1c2,f3g5,b1a1,f3g1,f3d2
rnbqk2r/ppp3pp/3bpn2/3p1p2/3P1B2/4PNP1/PPP2PBP/RN1QK2R b KQkq - 0 6	e8g8,b7b5,c8d7,f6e4,d6e7,h7h6,c7c6,b7b6,d6b4,b8d7,a7a6,a7a5,d8e7,b8c6,c7c5,b8a6
rnbq1rk1/pp2bppp/4pn2/2pp4/2PP4/N4NP1/PP2PPBP/R1BQ1RK1 b - - 1 7	b8c6,d8b6,h7h6,b7b6,f8e8,a7a6,c5d4,b8d7,c8d7,b8a6,a7a5,d8d7,f6e4,d8a5,g8h8,h7h5
r1bqkb1r/1p3ppp/p1np1n2/4p3/4P3/N1N1B3/PPP2PPP/R2QKB1R b KQkq - 1 8	a8b8,b7b5,c8e6,f8e7,f6g4,c6d4,c8g4,c6b4,h7h6,h7h5,c8d7,d8c7,g7g6,b7b6,d6d5,f6e4
r1b1k2r/pp2nppp/2n1p3/q1ppP3/P2P4/2P2N2/2PB1PPP/R2QKB1R b KQkq - 4 9	c8d7,h7h6,e8g8,a5c7,c5c4,a5b6,a7a6,a5d8,e7f5,c6b8,a8b8,e7g6,h8f8,e8f8,e7g8,c6d8
rn1qk2r/pppb2pp/3bpn2/3p1p2/3P1B2/4PNP1/PPP2PBP/RN1QK2R w KQkq - 1 7	b1d2,e1g1,f3e5,c2c4,d1e2,f4g5,d1d3,d1c1,a2a3,h2h4,a2a4,f4e5,c2c3,f3d2,g2f1,h2h3
1rbqkb1r/1p3ppp/p1np1n2/4p3/4P3/N1N1B3/PPP2PPP/R2QKB1R w KQk - 2 9	e3g5,a3b1,c3d5,f1d3,f1e2,a3c4,g2g3,f2f3,a1c1,h2h3,d1d3,d1f3,h2h4,f1c4,d1c1,e3d2
r1bq1rk1/pp2bppp/2n1pn2/2pp4/2PP4/N4NP1/PP2PPBP/R1BQ1RK1 w - - 2 8	d4c5,c4d5,c1e3,e2e3,c1f4,b2b3,c1g5,a3c2,h2h3,d1a4,h2h4,a3b5,a1b1,f1e1,d1d2,a3b1
r3k2r/pp1bnppp/2n1p3/q1ppP3/P2P4/2P2N2/2PB1PPP/R2QKB1R w KQkq - 5 10	f1e2,d1c1,f1b5,a1b1,h2h4,f1d3,g2g3,h2h3,d1b1,d4c5,a1c1,d1e2,a1a3,f3g5,a1a2,c3c4
r1bq1rk1/ppp2pbp/2n2np1/4p3/2P1P3/2N1BN2/PP2BPPP/R2QK2R w KQ - 2 9	d1d8,h2h3,d1d3,a2a4,e1g1,e3g5,a1c1,a1b1,c4c5,h2h4,a2a3,b2b3,d1c2,f3d2,d1d2,e3c5
rnbq1rk1/1pp1bppp/4pn2/p2p4/2PP4/5NP1/PPQ1PPBP/RNB2RK1 b - - 1 7	b8d7,h7h6,b8c6,c8d7,a5a4,c7c6,c7c5,f6e4,f6e8,f8e8,b8a6,d5c4,g8h8,a8a6,a8a7,f6d7
rnbq1rk1/ppp2pbp/5np1/4p3/2P1P3/2N1BN2/PP2BPPP/R2QK2R b KQ - 1 8	b8c6,c7c6,d8d1,c8g4,f8e8,f6g4,b8a6,b8d7,f6h5,h7h5,a7a5,b7b6,c8d7,c8e6,h7h6,a7a6
r2qkb1r/1p3ppp/p1np1n2/4p3/P3P1b1/N1N5/1PP2PPP/R1BQKB1R w KQkq - 2 9	f1e2,f2f3,d1d2,d1d3,c3e2,f1a6,d1g4,d1d5,c1g5,c1d2,c1e3,d1e2,f1d3,f1c4,c3d5,h2h3
rnbq1rk1/1pp1bppp/4pn2/p2p4/2PP4/5NP1/PP2PPBP/RNBQ1RK1 w - - 0 7	d1c2,b1c3,b2b3,f3e5,a2a3,c1g5,h2h4,d1d3,d1a4,e2e3,h2h3,d1b3,a2a4,b1d2,f1e1,c1e3
r1bqk2r/ppp2ppp/2p2n2/4p3/4P3/P1P2N2/2PP1PPP/R1BQK2R b KQkq - 0 7	f6e4,d8e7,c6c5,c8g4,e8g8,f6d7,c8e6,h7h6,d8d6,b7b6,a7a5,c8d7,a7a6,d8d7,a8b8,b7b5
rnbq1rk1/ppp2ppp/4pn2/8/1bBP4/2N1P2P/PP3PP1/R1BQK1NR b KQ - 0 7	c7c5,a7a6,b8d7,b4e7,c8d7,b7b6,h7h6,d8e7,f8e8,b4a5,b8c6,b4d6,e6e5,d8d7,c7c6,f6d5
r1bqk2r/ppp2ppp/2p5/4p3/4n3/P1P2N2/2PP1PPP/R1BQK2R w KQkq - 0 8	d1e2,e1g1,c3c4,h2h3,a3a4,a1b1,c1b2,d2d3,f3g1,f3e5,e1f1,a1a2,e1e2,h2h4,h1g1,d2d4
r1bqkb1r/1p3ppp/p1np1n2/4p3/P3P3/N1N5/1PP2PPP/R1BQKB1R b KQkq - 1 8	f8e7,c8g4,c8e6,c6b4,d6d5,h7h6,a8b8,c6d4,g7g6,c6e7,b7b6,c8d7,h7h5,c6a7,d8c7,a6a5
rnbq1rk1/pp3ppp/4pn2/2p5/1bBP4/2N1P2P/PP3PP1/R1BQK1NR w KQ - 0 8	a2a3,g1f3,g1e2,c4d3,c4e2,d1d3,c4b3,d4c5,d1b3,d1d2,a1b1,d1a4,d1e2,c4f1,a2a4,c1d2
rn1q1rk1/pbp1bppp/1p2pn2/3p4/2PP4/5NP1/PP2PPBP/RNBQR1K1 w - - 0 8	c4d5,f3e5,f3d2,b1d2,b1c3,d1c2,d1a4,d1b3,b2b3,d1d3,f3h4,c1f4,f3g5,c1g5,a2a3,h2h3
rnbqk2r/pp2bppp/4pn2/8/2Pp4/3P1NP1/PPQ2PBP/RNB1K2R b KQkq - 0 8	b8c6,e8g8,h7h6,a7a5,e6e5,f6d7,d8b6,e7c5,a7a6,e7b4,f6g4,h7h5,d8a5,e7f8,d8d6,d8d7
r1bq1rk1/pppp1ppp/2n2n2/1Bb5/3NP3/2P5/PP3PPP/RNBQ1RK1 w - - 3 8	f2f3,b5c6,f1e1,c1g5,c1e3,d4b3,b1d2,d1d3,b5d3,b2b4,d4f5,a2a4,c1f4,d4f3,h2h3,b5a4
rn1q1rk1/pbppbppp/1p2pn2/8/2PP4/5NP1/PP2PPBP/RNBQR1K1 b - - 6 7	d7d5,h7h6,f6e4,a7a5,b8a6,c7c5,f8e8,e7b4,d8c8,g8h8,a7a6,c7c6,d7d6,d8e8,b7c6,e7d6
r2qk2r/2p1bppp/p1np1n2/1p2p3/4P3/1BN2Q1P/PPPP1PP1/R1B1R1K1 b kq - 0 10	c6d4,c6a5,e8g8,a8b8,a8c8,g7g6,d8d7,a8a7,h7h6,d8c8,h7h5,d8b8,e7f8,c6a7,h8f8,c6b4
r1bqkb1r/1p2pppp/p1np4/8/4P1n1/1NN5/PPPB1PPP/R2QKB1R b KQkq - 3 8	g4f6,a8b8,g7g6,c8e6,c8d7,h7h5,e7e5,h7h6,b7b6,g4e5,a6a5,c6b4,d8b6,b7b5,d8c7,f7f5
r2qkb1r/pp2pppp/2n2n2/3p4/3P1Bb1/1QPB4/PP3PPP/RN2K1NR b KQkq - 4 7	d8d7,c6a5,e7e5,f6h5,d8c8,d8b6,g4c8,a8c8,b7b6,g4d7,g7g6,a7a5,a7a6,h7h6,b7b5,g7g5
r3kb1r/pp1qpppp/2n2n2/3p4/3P1Bb1/1QPB4/PP3PPP/RN2K1NR w KQkq - 5 8	h2h3,b1d2,g1e2,a2a3,a2a4,d3b5,b3a4,b3c2,e1f1,d3e2,d3c2,f4g3,g2g3,b1a3,f4e3,f2f3
r1bqkb1r/1p2pppp/p1np1n2/8/4P3/1NN5/PPPB1PPP/R2QKB1R w KQkq - 4 9	d2e3,f2f4,f1e2,c3d5,h2h4,d2f4,f1d3,d1f3,h2h3,f2f3,d1e2,a2a4,d2g5,g2g3,f1c4,a2a3
rn1q1rk1/pb2bppp/1p1ppn2/2p5/2PP4/PP3NP1/4PPBP/RNBQ1RK1 w - - 0 9	d4d5,c1b2,b1c3,e2e3,b1d2,a1a2,f1e1,d4c5,h2h4,h2h3,d1c2,d1d3,a3a4,c1e3,d1d2,g1h1
r2qk2r/2p1bppp/p2p1n2/1p2p3/3nP3/1BN2Q1P/PPPP1PP1/R1B1R1K1 w kq - 1 11	f3d1,f3g3,f3e3,f3d3,b3f7,e1e3,f3f5,f3f6,a2a4,c3d5,b3d5,d2d3,f3e2,g1f1,a2a3,e1d1
r1bq1rk1/pppp1ppp/2n2n2/1Bb5/3NP3/2P5/PP3PPP/RNBQR1K1 b - - 4 8	f8e8,a7a6,c6e5,d7d6,d7d5,c6d4,g8h8,c5b6,d8e7,h7h6,f6e8,a8b8,c5e7,a7a5,c6e7,g7g6
rnbqk2r/pp2bppp/4pn2/8/2Pp4/5NP1/PPQP1PBP/RNB1K2R w KQkq - 0 8	d2d3,b2b3,e1g1,a2a3,c2d1,f3e5,h2h3,c2a4,c2b3,b2b4,a2a4,b1a3,c4c5,g2f1,e1f1,h2h4
rnbqkb1r/pp3ppp/2p5/1B1p4/3Pn3/5N2/PPP2PPP/RNBQK2R w KQkq - 0 7	b5d3,b5e2,b5f1,b5a4,b5c4,a2a4,f3d2,d1e2,d1d3,f3e5,b1d2,e1g1,b5c6,b1c3,c1f4,c1d2
rnbqkb1r/pp3ppp/2p5/3p4/3Pn3/3B1N2/PPP2PPP/RNBQK2R b KQkq - 1 7	f8b4,f8d6,c8f5,f8e7,c8g4,b8d7,c8e6,e4f6,e4d6,b8a6,h7h6,f7f5,a7a5,a7a6,g7g6,d8a5
rn1q1rk1/pbp1bppp/1p1ppn2/8/2PP4/PP3NP1/4PPBP/RNBQ1RK1 b - - 0 8	c7c5,b8d7,d6d5,f6e4,f8e8,a7a6,a7a5,b8a6,h7h6,d8e8,d8c8,c7c6,g8h8,g7g6,h7h5,d8d7
r1bq1rk1/ppp2pbp/n2p1np1/4p3/2PPP3/2NQ1N2/PP2BPPP/R1B1K2R w KQ - 2 8	c1e3,d4d5,d3d1,d4e5,c1g5,d3d2,d3c2,d3e3,d3b1,e1g1,h2h3,h2h4,a1b1,c1d2,g2g3,a2a3
r1bq1rk1/ppp2pbp/n2p1np1/4P3/2P1P3/2NQ1N2/PP2BPPP/R1B1K2R b KQ - 0 8	d6e5,a6b4,a6c5,f6g4,f6d7,f6h5,f6e8,f6e4,c8d7,d6d5,c7c6,c8g4,f8e8,b7b6,d8e7,g7h8
r1bqk2r/pp3ppp/2nbpn2/2pp4/3P1B2/P1P1P3/1P1N1PPP/R2QKBNR w KQkq - 1 7	f4g3,d4c5,f4d6,d2b3,f4g5,g1e2,g2g3,d2f3,g1h3,g1f3,d1f3,f1b5,d1a4,f1d3,f1e2,h2h4
1rbqkb1r/5ppp/p1np1n2/1p2p1B1/4P3/N1N5/PPP2PPP/R2QKB1R w KQk - 0 10	c3d5,a3b1,g5f6,a3b5,c3b1,c3e2,b2b4,f1b5,c3b5,f1c4,f1e2,f1d3,d1d3,a1b1,h2h3,b2b3
r1bqkb1r/1p3ppp/p1np1n2/4p3/4P3/N1N2P2/PPP3PP/R1BQKB1R b KQkq - 1 8	c8e6,b7b5,d6d5,a8b8,c6d4,c6b4,f8e7,g7g6,h7h5,h7h6,d8c7,c8d7,b7b6,c6a5,c6a7,h8g8
rnbq1rk1/pp2bppp/2p1pn2/3p4/2PP4/5NP1/PP2PPBP/RNBQ1RK1 w - - 0 7	d1c2,b2b3,b1d2,b1c3,d1b3,d1d3,d1d2,a2a4,c1g5,c1f4,f3d2,h2h4,f1e1,b1a3,f3e5,c1d2
r1bq1rk1/pp1n1ppp/2pb1n2/3pp3/2PP4/1PN1PN2/P3BPPP/R1BQ1RK1 w - - 0 9	d4e5,f3d2,c1b2,f3e1,f3e5,c4d5,d1c2,a2a4,a1b1,f3h4,f1e1,d1e1,h2h3,g1h1,c1d2,c4c5
1rbqkb1r/1p3ppp/p1np1n2/4p1B1/4P3/N1N5/PPP2PPP/R2QKB1R b KQk - 3 9	b7b5,f8e7,d6d5,h7h6,c8e6,h7h5,c6d4,c8d7,c6a5,c6b4,b7b6,c6a7,b8a8,h8g8,g7g6,c6e7
r1bqk1nr/pp2ppbp/2np2p1/2p5/4P3/2NPB1P1/PPP2PBP/R2QK1NR b KQkq - 1 6	a8b8,g8f6,e7e5,c6d4,a7a6,c8d7,b7b5,e7e6,h7h6,h7h5,d8b6,d8d7,b7b6,c8e6,d8c7,a7a5
r1bqk2r/1p2ppbp/p1np1np1/2p5/P3P3/2NPB1P1/1PP2PBP/R2QK1NR w KQkq - 0 8	h2h3,g1f3,g1e2,d1c1,e3f4,c3d5,e3c1,e3g5,e3d2,a1b1,d1b1,h2h4,g2f3,d1d2,d1e2,c3b1
rnbq1rk1/pp2bppp/2p1pn2/3p4/2PP4/5NP1/PPQ1PPBP/RNB2RK1 b - - 1 7	d5c4,b7b6,b8d7,h7h6,a7a5,f8e8,f6e4,b8a6,d8b6,a7a6,f6e8,d8e8,g8h8,c6c5,d8c7,b7b5
r1bq1rk1/pp1n1ppp/2pbpn2/3p4/2PP4/1PN1PN2/P3BPPP/R1BQ1RK1 b - - 0 8	b7b6,f8e8,e6e5,h7h6,d8e7,a7a6,d8c7,f6e4,a8b8,d6e7,d6b4,a7a5,d5c4,d8a5,d6b8,d8e8
r1bq1rk1/ppp2pbp/2np1np1/P2Pp3/4P3/2N2N2/1PP1BPPP/R1BQK2R b KQ - 0 8	c6e7,c6b4,c6d4,c6b8,f6e4,d8e7,g8h8,a8b8,f6e8,c6a5,f6d7,h7h6,f8e8,f6h5,c8d7,f6g4
r1bqk1nr/pp1p1ppp/1bn1p3/8/4P3/PNN5/1PP2PPP/R1BQKB1R b KQkq - 4 7	g8f6,g8e7,a7a6,d7d6,a7a5,d8f6,h7h6,b6c7,d8e7,e6e5,d7d5,d8h4,c6a5,h7h5,c6e7,a8b8
r1bqk2r/1p2ppbp/p1np1np1/2p5/P3P3/2NPB1P1/1PP1NPBP/R2QK2R b KQkq - 1 8	a8b8,e8g8,e7e5,f6g4,d8c7,c8d7,b7b6,e7e6,f6d7,h7h6,c8g4,c8e6,h7h5,a8a7,f6h5,c6a5
r1bqkb1r/pp2pppp/2n2n2/3p4/3P1B2/2PB4/PP3PPP/RN1QK1NR b KQkq - 2 6	c8g4,d8b6,a7a6,e7e6,g7g6,c8d7,c8e6,h7h6,h7h5,f6e4,f6d7,d8a5,f6g8,d8d7,a7a5,f6g4
r2qkb1r/pp2pppp/2n2n2/3p4/3P1Bb1/2PB4/PP3PPP/RN1QK1NR w KQkq - 3 7	d1b3,g1f3,d1c2,g1e2,d3e2,d1d2,d1a4,d1c1,f2f3,f4c7,d1g4,d1f3,b1a3,b1d2,d1e2,d3c2
r1bqk2r/pp1pnppp/1bn1p3/8/4P3/PNN5/1PP2PPP/R1BQKB1R w KQkq - 5 8	c1g5,d1e2,d1h5,c3a4,c1f4,d1f3,d1d6,f1d3,f1b5,g2g3,f1c4,f1e2,a3a4,c1d2,d1d3,c1e3
r1bqk1nr/pp3pbp/2np2p1/2p1p3/4P3/2NPB1P1/PPP2PBP/R2QK1NR w KQkq - 0 7	h2h4,c3d5,d1d2,a2a4,g1e2,f2f4,g1f3,a1b1,g1h3,d1c1,a2a3,a1c1,h2h3,e3d2,e3c1,f2f3
r1bq1rk1/ppp1npbp/3p1np1/P2Pp3/4P3/2N2N2/1PP1BPPP/R1BQK2R w KQ - 1 9	c1g5,e1g1,a1a3,h2h3,h2h4,f3d2,e2c4,a1a2,a5a6,a1a4,b2b3,c1e3,c1d2,e2d3,d1d3,g2g3
rn1qkbnr/pp3ppp/2p1p1b1/8/3P4/4B1N1/PPP2PPP/R2QKBNR w KQkq - 0 7	h2h4,g1f3,f1d3,d1d2,c2c3,f1e2,f1c4,a2a4,a2a3,g1e2,g1h3,d1c1,a1c1,h2h3,d1e2,e3c1
r2qkb1r/1p3ppp/p1npbn2/4p3/4P3/N1N2P2/PPP3PP/R1BQKB1R w KQkq - 2 9	a3c4,c1g5,c1e3,f1e2,a3b1,d1d2,f1d3,h2h4,f3f4,a1b1,f1c4,g2g3,c3d5,c1d2,e1f2,h1g1
r1bqkb1r/pp3ppp/2n1pn2/2pp4/3P1B2/P1P1P3/1P1N1PPP/R2QKBNR b KQkq - 0 6	f8d6,f8e7,h7h6,a7a6,c5d4,a7a5,d8b6,d8d7,c5c4,g7g6,c8d7,b7b6,h7h5,c6b8,f6g8,f6d7
r1bqk2r/1pp2ppp/1bnp1n2/p3p3/PPB1P3/2PP1N2/5PPP/RNBQK2R w KQkq - 0 8	b4b5,e1g1,d1b3,b4a5,b1d2,c1a3,c1e3,c1d2,c4b5,f3g5,h2h3,d1e2,c1g5,b1a3,c4b3,c1b2
rnbqk2r/ppp1bppp/4pn2/8/2Pp4/1P3NP1/P2PPPBP/RNBQK2R w KQkq - 0 6	b3b4,e2e3,e1g1,d2d3,c1b2,a2a3,c1a3,f3e5,b1a3,h2h3,d1c2,a2a4,f3g5,f3h4,h2h4,c4c5
rn1qkbnr/pp2pppp/2p3b1/8/3P4/4B1N1/PPP2PPP/R2QKBNR b KQkq - 4 6	e7e6,d8a5,g8f6,b8d7,d8b6,d8c7,a7a5,h7h5,a7a6,h7h6,d8d6,d8d5,d8c8,b8a6,b7b6,e7e5
1rbqk2r/pp2ppbp/2np1np1/2p5/P3P3/2NP2P1/1PP1NPBP/R1BQK2R w KQk - 1 8	h2h3,f2f4,e1g1,c1e3,c3d5,c1g5,c1f4,c1d2,f2f3,a1a2,d1d2,h2h4,e2f4,a1b1,c3b1,b2b3
1rbqk1nr/pp2ppbp/2np2p1/2p5/P3P3/2NP2P1/1PP1NPBP/R1BQK2R b KQk - 0 7	g8f6,e7e6,a7a6,e7e5,b7b6,h7h5,h7h6,c8d7,c8g4,d8d7,b8a8,g8h6,d8c7,c8e6,f7f5,c6b4
rn1qkbnr/pp2pppp/2p3b1/8/3P3P/6N1/PPP2PP1/R1BQKBNR b KQkq - 0 6	h7h6,h7h5,g8f6,g8h6,d8c8,b8d7,g6f5,e7e6,d8d7,d8c7,d8d5,f7f6,a7a6,d8b6,b8a6,d8a5
rn1qkbnr/pp2ppp1/2p3bp/8/3P3P/6N1/PPP2PP1/R1BQKBNR w KQkq - 0 7	g1f3,h4h5,c1f4,g1e2,c2c3,a2a3,f1d3,c1e3,g1h3,f1c4,a2a4,c2c4,f2f4,h1h3,f1e2,b2b3
rnbqkb1r/1p3ppp/p3pn2/2p5/2BP4/2N1PN2/PP3PPP/R1BQ1RK1 b kq - 1 7	b7b5,b8c6,b8d7,d8c7,c5d4,f8e7,h7h6,f8d6,c8d7,a8a7,b7b6,d8d7,d8b6,d8a5,h7h5,g7g6
rnbqk2r/ppp1bppp/4pn2/3p4/2P5/1P3NP1/P2PPPBP/RNBQK2R b KQkq - 0 5	e8g8,d5d4,b7b6,c7c5,b8d7,h7h6,b8c6,a7a5,c8d7,a7a6,c7c6,b8a6,d5c4,f6e4,e7d6,h7h5
rnbqkb1r/5ppp/p3pn2/1pp5/2BP4/2N1PN2/PP3PPP/R1BQ1RK1 w kq - 0 8	c4b3,c4e2,c4d3,d4d5,c3b5,e3e4,d4c5,d1e2,c4e6,b2b3,d1c2,f3e5,f1e1,c1d2,f3d2,c3a4
r1bqkb1r/pp2pppp/2np1n2/8/4P3/1NN5/PPP2PPP/R1BQKB1R b KQkq - 4 6	g7g6,c8e6,a7a6,e7e5,a8b8,c8d7,e7e6,h7h6,h7h5,a7a5,d8c7,c8g4,f6d7,b7b6,d8d7,c6a5
r1bqk2r/ppp2ppp/1bnp1n2/4p3/PPB1P3/2PP1N2/5PPP/RNBQK2R b KQkq - 0 7	a7a5,a7a6,f6g4,e8g8,g7g5,d6d5,c8g4,c6e7,c6b4,c8e6,h7h6,f6e4,c8d7,c6a5,a8b8,b6f2
r1bqkb1r/pp2pp1p/2np1np1/8/4P3/1NN5/PPP2PPP/R1BQKB1R w KQkq - 0 7	c1g5,f2f3,c1e3,c1f4,f1e2,f1c4,h2h4,h2h3,f1d3,a2a4,a2a3,f1b5,a1b1,f2f4,c1d2,d1e2
1rbqk2r/pp2ppbp/2np1np1/2pN4/4P3/3P1NP1/PPP2PBP/R1BQ1RK1 b k - 5 8	e8g8,b7b5,f6d5,c8g4,e7e5,h7h5,a7a5,c8e6,a7a6,c8d7,d8a5,f6g4,f6d7,b7b6,h7h6,e7e6
r1bqk2r/pp1pppbp/2n2np1/2p5/2P5/2N2NPP/PP1PPPB1/R1BQK2R b KQkq - 0 6	d7d5,e8g8,d7d6,e7e5,a8b8,c6a5,d8a5,c6d4,b7b6,d8b6,a7a5,h7h5,a7a6,f6h5,h7h6,d8c7
rnbqkb1r/1p3ppp/p2p1n2/4p3/4P3/1NN1B3/PPP2PPP/R2QKB1R b KQkq - 1 7	f8e7,c8e6,f6g4,h7h5,h7h6,d8c7,g7g6,b8d7,c8d7,b7b6,b8c6,c8g4,d8d7,d8e7,h8g8,a6a5
r1bqk2r/pp2ppbp/2n2np1/2pp4/2P5/2N2NPP/PP1PPPB1/R1BQK2R w KQkq - 0 7	d2d4,d2d3,c4d5,d1a4,c3d5,e1g1,d1b3,b2b3,a1b1,e1f1,h3h4,e2e3,f3g5,a2a4,c3b1,d1c2
r1bqr1k1/ppp2pbp/2np1np1/8/2PNP3/2N1B3/PPQ1BPPP/R3K2R w KQ - 3 10	a1d1,d4c6,e1g1,d4b5,d4f3,d4b3,a2a3,a1c1,h2h3,e1c1,a2a4,c2d3,e1f1,a1b1,h2h4,c2d1
r1bqkb1r/pp3ppp/2n1pn2/2pp4/3P4/2P1P1B1/PP1N1PPP/R2QKBNR b KQkq - 1 6	f8e7,c5c4,d8b6,f8d6,c5d4,a7a6,a7a5,g7g6,h7h6,c8d7,b7b6,d8e7,f6d7,h7h5,d8a5,c6b8
r2q1rk1/2pbbppp/p1np1n2/1p2p3/P3P3/1BP2N2/1P1P1PPP/RNBQR1K1 w - - 1 10	b3c2,d2d4,a4a5,a4b5,h2h3,d2d3,b3a2,b1a3,d1e2,e1e2,a1a2,g1h1,e1e3,b3d5,g1f1,f3g5
r1bq1rk1/pp1n1ppp/2pbpn2/3p4/P1PP4/2N1PN2/1P2BPPP/R1BQK2R w KQ - 3 8	e1g1,h2h3,c1d2,d1c2,a4a5,d1b3,d1d2,b2b3,g2g3,f3d2,f3h4,c4c5,d1d3,e2d3,f3g5,a1b1
rnbq1rk1/ppp2ppp/3b4/3p4/3Pn3/2P2N1P/PP2BPP1/RNBQK2R w KQ - 3 9	e1g1,b1d2,c3c4,a2a4,e2d3,c1e3,a2a3,f3d2,e2b5,d1c2,d1b3,f3e5,d1a4,e2f1,d1d3,c1d2
rn1qk2r/pbppbppp/1p2pn2/8/2PP1B2/5NP1/PP2PPBP/RN1QK2R b KQkq - 4 6	d7d6,e8g8,d7d5,h7h6,e7b4,c7c6,a7a6,b8a6,a7a5,c7c5,b8c6,f6h5,d8c8,f6e4,h7h5,b7c6
rnbqr1k1/ppp2pbp/3p1np1/8/2PNP3/2N1B3/PPQ1BPPP/R3K2R b KQ - 2 9	c7c6,d8e7,c7c5,b8c6,b8a6,f6g4,a7a6,b8d7,c8d7,f6d7,h7h5,a7a5,b7b6,h7h6,d8d7,g7f8
r1bqkb1r/pp3ppp/2n1pn2/2pp4/3P1B2/2P1P3/PP1NBPPP/R2QK1NR b KQkq - 1 6	f8d6,f8e7,a7a5,h7h6,a7a6,c8d7,d8b6,b7b6,c5d4,d8d7,c5c4,f6g8,c6b8,f6d7,g7g6,d8a5
r1bqk2r/pp3ppp/2nbpn2/2pp4/3P1B2/2P1P3/PP1NBPPP/R2QK1NR w KQkq - 2 7	f4d6,f4g3,d4c5,f4g5,d2b3,g1h3,g1f3,g2g3,d2f3,d1a4,e2b5,a1c1,a2a3,h2h4,e2d3,d1c1
r1bq1rk1/2p1bppp/p2p1n2/np2p3/4P3/PB1P1N2/1PP2PPP/RNBQR1K1 w - - 1 10	b3a2,b1c3,c2c3,c1d2,c1e3,b1d2,h2h3,c2c4,c1g5,b3d5,f3d2,d1e2,d3d4,g1h1,e1e2,e1f1
rnbqkb1r/pp1n1ppp/4p3/2ppP3/3P1P2/8/PPP1N1PP/R1BQKBNR b KQkq - 1 6	b8c6,f8e7,d8b6,f7f6,a7a5,b7b5,c5d4,d8c7,a7a6,f7f5,d7b6,d8h4,h7h6,h7h5,d8a5,g7g6
rnbqk2r/ppp2ppp/3b4/3p4/3Pn3/2P2N1P/PP2BPP1/RNBQK2R b KQkq - 2 8	c7c6,b8d7,e8g8,b8c6,h7h6,c8e6,c8f5,d8f6,b7b6,a7a6,c7c5,e4f6,c8d7,a7a5,b8a6,d8e7
rnbqk2r/1p2bppp/p2p1n2/4p3/4P3/1NN1B3/PPP2PPP/R2QKB1R w KQkq - 2 8	h2h3,f1e2,h1g1,f2f3,d1d3,h2h4,f2f4,d1d2,a2a3,g2g3,b3d2,a2a4,e3g5,f1d3,f1c4,c3a4
1rbqk2r/pp2ppbp/2np1np1/2p5/4P3/2NP1NP1/PPP2PBP/R1BQ1RK1 w k - 4 8	c3d5,a2a4,f1e1,a2a3,d3d4,h2h3,c3e2,c1e3,d1e1,c1g5,c1f4,a1b1,c1d2,c3b5,h2h4,f3d2
r1bq1rk1/2p1bppp/p1np1n2/1p2p3/4P3/PB1P1N2/1PP2PPP/RNBQR1K1 b - - 0 9	c6a5,c8e6,h7h6,c8d7,a6a5,f8e8,a8b8,c6a7,c8g4,g8h8,c8b7,c6b8,d8d7,c6d4,a8a7,f6d7
rn1qkb1r/pp3ppp/2p1p3/3pPn2/2PPb3/5N1P/PP1N1PP1/R1BQKB1R w KQkq - 3 8	d1b3,f1e2,d1a4,c4d5,g2g4,c4c5,h1g1,a2a3,d2b3,h3h4,b2b3,d2e4,d1e2,g2g3,f3g5,e1e2
r1bqk2r/pp1n1ppp/2pbpn2/3p4/P1PP4/2N1PN2/1P2BPPP/R1BQK2R b KQkq - 2 7	a7a6,e8g8,d8e7,a7a5,h7h6,d6b4,d5c4,d6c7,b7b6,e6e5,a8b8,c6c5,d6b8,d6e7,f6e4,d8c7
r1bqkb1r/pp1n1ppp/2n1p3/2ppP3/3P1P2/8/PPP1N1PP/R1BQKBNR w KQkq - 2 7	g1f3,c2c3,a2a3,c1e3,h2h4,g2g3,a2a4,c1d2,b2b4,e2g3,b2b3,g1h3,a1b1,h2h3,d4c5,g2g4
rn1qk2r/pbp1bppp/1p1ppn2/8/2PP1B2/5NP1/PP2PPBP/RN1QK2R w KQkq - 0 7	e1g1,b1c3,h2h4,d1b3,d1d2,d1d3,f3h4,d1a4,h2h3,f4c1,f4g5,a2a3,b2b3,b2b4,d1c2,f4e3
r1bqr1k1/2p1bppp/p2p1n2/np2p3/4P3/1BNP1N1P/PPP2PP1/R1BQR1K1 w - - 1 11	c1g5,c3e2,c1d2,f3h2,c3d5,c1e3,b3d5,f3d2,d1e2,a2a3,g1h1,g1h2,c3b1,e1e2,e1e3,g1f1
r1bqk2r/pp2bppp/2n1pn2/2pp4/3P4/2P1P1B1/PP1N1PPP/R2QKBNR w KQkq - 2 7	f1d3,g1f3,a2a4,f1e2,d4c5,g1h3,d1c2,a2a3,h2h3,h2h4,a1b1,a1c1,d1b1,g3h4,g3f4,d1c1
r2qk2r/2pbbppp/p1np1n2/1p2p3/P3P3/1BP2N2/1P1P1PPP/RNBQR1K1 b kq - 0 9	e8g8,h7h6,c6a5,d8c8,d8b8,a8c8,b5a4,a8b8,d7g4,b5b4,c6a7,f6g8,f6g4,a8a7,f6h5,h7h5
rn1qkb1r/pp2nppp/2p1p3/3pP3/2PPb3/5N1P/PP1N1PP1/R1BQKB1R b KQkq - 2 7	e7f5,c6c5,a7a5,d8a5,h7h6,e4g6,h7h5,b8d7,b8a6,e4f5,a7a6,g7g6,e7g6,e4f3,d8d7,b7b6
r1bqk2r/pp2ppbp/2n2np1/2pp4/2P5/2NP1NP1/PP2PPBP/R1BQK2R w KQkq - 0 7	c3d5,c4d5,e1g1,c1d2,c1g5,f3d2,c1f4,f3g5,h2h4,d1b3,h2h3,d1c2,b2b3,d3d4,d1a4,a2a3
r1bqk2r/pp1pppbp/2n2np1/2p5/2P5/2NP1NP1/PP2PPBP/R1BQK2R b KQkq - 0 6	e8g8,d7d6,d7d5,b7b6,h7h6,a7a6,a8b8,d8c7,h7h5,a7a5,c6a5,e7e6,d8b6,d8a5,f6g4,e7e5
1rbqk2r/pp2ppbp/2np1np1/2p5/P3P3/2NP1NP1/1PP2PBP/R1BQ1RK1 b k - 0 8	e8g8,b7b6,e7e5,c8e6,a7a6,d8c7,c8d7,c8g4,f6d7,h7h6,d8d7,f6h5,f6g8,d8b6,b8a8,d8a5
r1bqkb1r/pp1n1ppp/2p1pn2/3p4/2PP4/2N1PN1P/PP3PP1/R1BQKB1R b KQkq - 0 6	f6e4,f8d6,f8e7,a7a6,h7h6,b7b6,g7g6,f8b4,d8c7,a7a5,a8b8,d5c4,c6c5,d8a5,d7b6,d8b6
r1bq1rk1/pp2ppbp/2np1np1/2p5/4P2P/2NP2P1/PPP1NPB1/R1BQK2R w KQ - 3 8	e1g1,a2a4,e2f4,c1d2,a2a3,c3d5,c1f4,a1b1,c1e3,c1g5,d1d2,c3b5,f2f3,e2g1,b2b3,e1f1
rnbqkb1r/1p3ppp/p2p1n2/4p3/3NP3/2N1B3/PPP2PPP/R2QKB1R w KQkq - 0 7	d4b3,d4f3,d4e2,d4f5,h2h3,f2f3,f2f4,c3d5,f1e2,g2g4,d1d2,a2a3,g2g3,h2h4,h1g1,d1d3
r1bq1rk1/pp2ppbp/2np1np1/2p5/P3P2P/2NP2P1/1PP1NPB1/R1BQK2R b KQ - 0 8	h7h6,f8e8,a7a6,a8b8,c6b4,e7e6,h7h5,c8g4,e7e5,c8d7,f6h5,g8h8,c6d4,c6e5,d8a5,a7a5
r1bq1rk1/pp3ppp/2nbpn2/1Bpp4/3P1B2/2P1PN1N/PP3PPP/R2QK2R b KQ - 5 8	c5c4,f6e4,d6f4,d6e7,h7h6,a7a6,c5d4,f6e8,d8e7,d8c7,a8b8,f6h5,a7a5,d6b8,c6e7,f8e8
r1bqk2r/pp2ppbp/2np1np1/2p5/4P2P/2NP2P1/PPP1NPB1/R1BQK2R b KQkq - 2 7	c8g4,h7h6,a8b8,e8g8,e7e6,a7a6,c8d7,h7h5,f6h5,a7a5,c6e5,c6b4,d8a5,c6d4,d8d7,c8e6
r1bq1rk1/pp2ppbp/2np1np1/2p5/2P4P/2NP1NP1/PP2PPB1/1RBQK2R b K - 1 8	d6d5,a7a6,a8b8,f6h5,c8g4,h7h6,c8e6,c8f5,d8d7,a7a5,c8d7,e7e6,g8h8,f8e8,h7h5,f6g4
rnbqkbnr/pp3ppp/8/3p4/P1pP4/8/1PPN1PPP/R1BQKBNR w KQkq - 0 6	g2g3,c2c3,b2b3,f1e2,g1f3,g1e2,h2h3,d2b1,d2f3,d1e2,a1a2,h2h4,a1b1,d1f3,a4a5,g1h3
r1bq1rk1/pp3ppp/2nbpn2/1Bpp4/3P1B2/2P1P2N/PP1N1PPP/R2QK2R w KQ - 4 8	d2f3,f4d6,f4g3,b5c6,b5e2,d1c2,e1g1,d4c5,f4g5,d1c1,a2a4,a2a3,d1a4,d2b3,b5a4,a1c1
r1bqk2r/pp1n1ppp/2pbpn2/3p4/2PP4/2N1PN1P/PP3PP1/R1BQKB1R w KQkq - 1 7	f1d3,f1e2,a2a4,c1d2,d1c2,b2b3,c4d5,a2a3,f3d2,d1b3,d1d2,g2g4,d1a4,d1d3,a1b1,c4c5
r1bqk2r/pp2ppbp/2np1np1/2p5/4P2P/2NP2P1/PPP2PB1/R1BQK1NR w KQkq - 1 7	c3d5,g1e2,a2a4,g1h3,c1f4,c1g5,c1d2,a1b1,d1d2,c1e3,a2a3,g1f3,g2f3,c3e2,d1e2,e1f1
r1bq1rk1/2p1bppp/p2p1n2/np2p3/4P3/1BNP1N1P/PPP2PP1/R1BQR1K1 b - - 0 10	f8e8,a5b3,c8b7,h7h6,a8b8,c7c6,c8d7,d8d7,d8e8,g8h8,b5b4,c7c5,a8a7,f6d7,h7h5,g7g6
1rbq1rk1/pp2ppbp/2np1np1/2p5/2P4P/2NP1NP1/PP2PPB1/1RBQK2R w K - 2 9	a2a3,e1g1,c1d2,c1e3,c1g5,b2b3,d1d2,c1f4,f3h2,c3d5,a2a4,f3g1,d1c2,f3g5,b1a1,e1f1
1rbq1rk1/pp2ppbp/2np1np1/2p5/P3P3/2NP1NP1/1PP2PBP/R1BQ1RK1 w - - 1 9	c3d5,h2h3,c1e3,c1d2,f1e1,f3e1,c1f4,a1b1,f3h4,f3d2,g1h1,c1g5,c3e2,d1e1,c3b1,h2h4
rnbqkb1r/1p2pppp/p2p1n2/8/3NP3/2N1B3/PPP2PPP/R2QKB1R b KQkq - 1 6	f6g4,e7e5,b8c6,d8c7,e7e6,c8d7,h7h6,g7g6,b8d7,h7h5,b7b5,d8a5,b7b6,d8b6,f6d7,d8d7
rnbqkb1r/pp3ppp/5n2/2pp4/3P4/5N2/PPPNBPPP/R1BQK2R b KQkq - 3 6	f8e7,b8c6,c5c4,f8d6,a7a5,c5d4,c8e6,c8d7,a7a6,b8d7,h7h6,d8c7,b7b6,d8b6,d8d6,c8f5
rnbqkbnr/pp3ppp/8/2pp4/P2P4/8/1PPN1PPP/R1BQKBNR b KQkq - 0 5	c5c4,a7a6,b8c6,c5d4,f8d6,g8f6,f8e7,b8d7,h7h6,c8e6,d8c7,c8d7,c8f5,d8d7,d8e7,d8f6
r1bqk2r/ppp1bppp/2np1n2/4p3/P1B1P3/3P1N2/1PPN1PPP/R1BQK2R b KQkq - 0 6	e8g8,c6a5,c8e6,a7a5,h7h6,a7a6,a8b8,c8d7,c8g4,c6b8,f6h5,b7b6,d8d7,f6d7,f6g4,d6d5
rnbqkb1r/pp3ppp/5n2/2pp4/3P4/8/PPPNBPPP/R1BQK1NR w KQkq - 2 6	g1f3,e2f3,h2h3,e2b5,a2a3,d4c5,c2c4,a2a4,c2c3,d2f1,d2b1,d2f3,a1b1,e2d3,d2b3,g2g3
r1bq1rk1/pp2npbp/2np2p1/2p1p3/4P3/P1NP2PP/1PP1NPB1/R1BQ1RK1 b - - 4 9	f7f5,c8d7,a8b8,c6d4,a7a6,b7b6,d8c7,a7a5,c8e6,h7h6,g8h8,d8d7,f7f6,d8e8,d8b6,f8e8
r2q1rk1/ppp1bppp/2npbn2/4p3/P1B1P3/2PP1N2/1P3PPP/RNBQ1RK1 w - - 1 8	c4e6,c4b3,b1d2,f1e1,b1a3,d1c2,d1e2,c4a2,d1e1,b2b3,c1g5,f3d2,c4b5,a4a5,f3h4,c1e3
rn1qk2r/p3nppp/bp2p3/2ppP3/P2P4/2P2N2/2P2PPP/R1BQKB1R w KQkq - 1 9	f1b5,f1a6,f1d3,h2h4,c1a3,g2g3,c1d2,h2h3,d1d2,f1e2,c1f4,c1e3,a4a5,a1b1,a1a3,a1a2
rnbqkb1r/pp3ppp/3p4/1N1Pp3/8/8/PPP2PPP/R1BQKB1R w KQkq - 1 9	a2a4,c2c4,d1f3,d1d3,f1d3,c1d2,c1e3,f1e2,b2b4,d1d2,h2h3,b5a3,b2b3,f2f4,f1c4,b5c3
rnbq1rk1/p1p2ppp/1p3n2/3p4/1b1P4/2NBPN2/PP3PPP/R1BQ1RK1 b - - 1 8	c7c5,c8b7,f8e8,c8a6,a7a5,h7h6,c8g4,b4d6,b4e7,b4c3,b8d7,c7c6,b8c6,a7a6,b4a5,d8e8
r1bq1rk1/2p1bppp/p2p1n2/np2p3/4P3/1B1P1N1P/PPPN1PP1/R1BQR1K1 b - - 2 10	c7c5,h7h6,a5b3,f8e8,c8b7,c8d7,f6d7,c7c6,d8d7,a8b8,a8a7,g8h8,d8e8,h7h5,f6e8,g7g6
rnbqkbnr/pp3ppp/8/3p4/2pP4/7P/PPPN1PP1/R1BQKBNR w KQkq - 0 6	d1f3,b2b3,c2c3,f1e2,g2g3,g1e2,g1f3,d2f3,d2b1,a2a3,a2a4,d1e2,a1b1,g2g4,h3h4,d1h5
r1bq1rk1/2p1bppp/p2p1n2/np2p3/4P3/1B1P1N1P/PPP2PP1/RNBQR1K1 w - - 1 10	b1d2,c1d2,b1c3,f3h2,c2c3,c1e3,c1g5,d1d2,d1e2,c2c4,f3d2,a2a3,b3d5,b1a3,g1h2,e1f1
rnbq1rk1/pp3ppp/2pb4/3p4/2PPn3/5N2/PP2BPPP/RNBQ1RK1 w - - 2 9	d1b3,b1c3,e2d3,f1e1,h2h3,c1e3,a2a4,d1c2,b1d2,f3d2,c4d5,g2g3,a2a3,d1d3,c1d2,g1h1
r1bqkb1r/pp3ppp/2np4/1N1Pp3/8/8/PPP2PPP/R1BQKB1R b KQkq - 0 8	c6b8,c6e7,c6b4,f8e7,a8b8,h7h6,f7f5,a7a5,h7h5,g7g6,c6d4,f7f6,c8f5,a7a6,d8d7,c6a5
r1bqk2r/pp2ppbp/2n2np1/2pp4/P1P5/2N2NP1/1P1PPPBP/R1BQK2R w KQkq - 0 7	c4d5,c3d5,d2d3,d2d4,e1g1,a4a5,b2b3,h2h3,f3g5,d1b3,a1a3,a1b1,f3h4,h2h4,a1a2,c3b5
rnbq1rk1/ppp2ppp/4pn2/8/2pP4/P1PBP3/5PPP/R1BQK1NR w KQ - 0 8	d3c4,d3c2,d3e2,d3b1,d3f1,e3e4,g1f3,d3h7,a3a4,h2h4,c1b2,h2h3,g1e2,g1h3,a1b1,d1c2
rnbqkb1r/1p3ppp/p3pn2/2p5/2BP4/4PN2/PP2QPPP/RNB1K2R w KQkq - 0 7	d4c5,a2a4,e1g1,c4b3,a2a3,b1c3,c4d3,b1d2,h2h3,c1d2,e2d1,h2h4,e2d2,e3e4,e2c2,f3e5
rnbq1rk1/ppp2ppp/4pn2/3p4/2PP4/P1PBP3/5PPP/R1BQK1NR b KQ - 0 7	c7c5,d5c4,e6e5,b7b6,c7c6,f8e8,h7h6,a7a6,c8d7,d8d7,b8c6,d8e7,b8a6,d8d6,a7a5,b8d7
r2qkb1r/pp1bpppp/2np1n2/1B6/3NP3/2N5/PPP2PPP/R1BQK2R w KQkq - 5 7	c1e3,b5e2,c1g5,a2a4,e1g1,d4b3,d4c6,h2h3,f2f3,a2a3,b5c4,h2h4,d1d3,b5a4,d4f3,f2f4
r1bq1rk1/pp1pppbp/2n2np1/2p5/Q1P5/2N2NP1/PP1PPPBP/R1B1K2R w KQ - 6 7	e1g1,d2d3,h2h3,a2a3,a4b3,h2h4,f3g5,a4c2,e2e3,a4a3,a4d1,f3h4,c3d5,a1b1,a4b5,c3b5
rnbqk2r/pp3ppp/2pb4/3p4/2PPn3/5N2/PP2BPPP/RNBQ1RK1 b kq - 1 8	e8g8,h7h6,b8d7,b8a6,d6c7,c8e6,a7a5,d6e7,c8f5,b7b6,e4f6,a7a6,d8c7,d5c4,c8g4,d8e7
rnbqk2r/pp2ppbp/6p1/2p5/3PP3/2P1BN2/P4PPP/R2QKB1R b KQkq - 1 8	d8a5,c8g4,b8c6,c5d4,e8g8,b8d7,d8c7,c8d7,a7a6,d8d6,c8e6,e7e6,b7b6,h7h6,d8b6,b8a6
rnbq1rk1/pp2bppp/4pn2/2ppN3/2P5/3P2P1/PP2PPBP/RNBQ1RK1 b - - 0 7	d8c7,d8d6,a7a6,b7b6,h7h6,d5d4,f8e8,b8d7,g8h8,f6e8,c8d7,e7d6,d8b6,a7a5,d8a5,b8a6
r1bq1rk1/ppp1bppp/2np1n2/4p3/P1B1P3/2PP1N2/1P3PPP/RNBQ1RK1 b - - 0 7	c6a5,h7h6,c8e6,a7a5,a7a6,a8b8,d8e8,g8h8,c8g4,f8e8,c8d7,b7b6,c6b8,f6d7,f6e8,f6h5
r2qkb1r/1p1n1ppp/p2pbn2/4p3/4P3/1NN1B2P/PPP2PP1/R2QKB1R w KQkq - 4 9	g2g4,d1d3,f1e2,d1f3,g2g3,a2a4,f1d3,f2f4,d1d2,a2a3,d1e2,b3d2,e3d2,a1c1,h1g1,a1b1
r1bqk2r/ppp1bppp/2np1n2/4p3/2B1P3/2NP1N2/PPP2PPP/R1BQK2R w KQkq - 0 6	a2a4,a2a3,c1d2,d3d4,c3d5,e1g1,c4b3,h2h3,a1b1,c3e2,c1g5,d1e2,c1e3,c4b5,c4d5,d1d2
rnb1k2r/pp2ppbp/6p1/q1p5/3PP3/2P1BN2/P4PPP/R2QKB1R w KQkq - 2 9	d1d2,e3d2,f3d2,a1c1,d1c2,d1b3,a2a4,h2h3,d1d3,f1e2,a1b1,h2h4,d1c1,d1b1,a2a3,g2g3
r1bq1rk1/ppp1bppp/2np1n2/4p3/P1B1P3/3P1N2/1PPN1PPP/R1BQK2R w KQ - 1 7	e1g1,a4a5,c2c3,h2h3,c4a2,c4b3,a1b1,d2f1,b2b3,d2b1,c4b5,d2b3,d1e2,a1a2,f3g1,f3g5
r1bqkb1r/pp2pppp/2np1n2/1B6/3NP3/2N5/PPP2PPP/R1BQK2R b KQkq - 4 6	c8d7,d8c7,d8b6,d8d7,f6d7,a7a6,g7g6,e7e6,h7h5,e7e5,a8b8,a7a5,h7h6,c8e6,g7g5,c8g4
rn1qkb1r/1p3ppp/p2pbn2/4p3/4P3/1NN1B2P/PPP2PP1/R2QKB1R b KQkq - 3 8	b8d7,f8e7,h7h6,b8c6,d6d5,h7h5,d8c7,g7g6,b7b6,e6d7,b7b5,d8d7,e6b3,d8c8,f6d7,d8e7
r1bqk2r/ppppbppp/2n2n2/4p3/2B1P3/2NP1N2/PPP2PPP/R1BQK2R b KQkq - 2 5	d7d6,e8g8,h7h6,a7a6,a7a5,e7b4,e7c5,a8b8,f6g4,e7d6,b7b6,c6a5,g7g6,h7h5,f6g8,h8g8
rnbqkbnr/pp3ppp/8/2pp4/3P4/7P/PPPN1PP1/R1BQKBNR b KQkq - 0 5	c5c4,g8f6,b8c6,c5d4,c8d7,c8f5,h7h6,a7a6,f8e7,f8d6,d8b6,b8d7,a7a5,c8e6,d8a5,d8d7
rnbqk2r/p3nppp/1p2p3/2ppP3/P2P4/2P2N2/2P2PPP/R1BQKB1R b KQkq - 0 8	c8a6,d8c7,a7a5,h7h6,b8c6,b8d7,a7a6,c8d7,c8b7,c5d4,e8g8,e7f5,d8d7,e8f8,e7c6,e7g6
rnbq1rk1/p4ppp/1p3n2/2pp4/1b1P4/2NBPN2/PP3PPP/R1BQ1RK1 w - - 0 9	a2a3,f3e5,d4c5,c1d2,d3c2,d1a4,h2h3,d3b1,c3e2,a1b1,d3e2,d3b5,f1e1,d1e2,a2a4,d1c2
rnbqkb1r/pp3ppp/4pn2/2p5/2BP4/4PN2/PP2QPPP/RNB1K2R b KQkq - 1 6	a7a6,c8d7,c5d4,d8c7,b8c6,f8e7,b8d7,h7h6,f8d6,f6d5,d8b6,b7b6,d8a5,a7a5,d8d6,f6d7
r1bqk2r/pp1pppbp/2n2np1/2p5/Q1P5/2N2NP1/PP1PPPBP/R1B1K2R b KQkq - 5 6	d7d6,e8g8,a7a6,h7h6,h7h5,e7e6,a7a5,d8c7,a8b8,d8a5,f6h5,f6g4,d8b6,c6d4,f6g8,g7h6
r1bqk2r/pp1pppbp/2n2np1/2p5/P1P5/2N2NP1/1P1PPPBP/R1BQK2R b KQkq - 0 6	d7d5,e8g8,d7d6,e7e6,c6a5,b7b6,f6g4,d8b6,h7h5,a7a6,e7e5,f6h5,d8a5,a7a5,c6b4,f6g8
rnbq1rk1/1p2bppp/p3pn2/2ppN3/2P5/3P2P1/PP2PPBP/RNBQ1RK1 w - - 0 8	a2a4,b1d2,c4d5,c1f4,e2e4,d3d4,b2b3,e2e3,d1c2,f2f4,c1d2,f1e1,d1e1,a2a3,b1a3,h2h3
rnbq1rk1/pp3ppp/4pn2/2p5/1bBP4/2N1P2P/PP2NPP1/R1BQK2R b KQ - 1 8	b8c6,c5d4,d8c7,b7b6,b4a5,d8e7,c8d7,d8d6,d8a5,b8d7,f8e8,a7a6,d8d7,h7h6,b8a6,d8b6
r1bq1rk1/pp2npbp/2np2p1/2p1p3/4P3/P1NP2PP/1PP1NPB1/R1BQK2R w KQ - 3 9	e1g1,a1b1,c1d2,c1g5,a3a4,f2f4,c3d5,c1e3,b2b4,a1a2,g3g4,b2b3,h3h4,d1d2,e2g1,f2f3
1rbqk1nr/pp2ppbp/2np2p1/2p5/4PP2/2NP2P1/PPP3BP/R1BQK1NR w KQk - 1 7	a2a4,g1f3,g1h3,c3d5,a2a3,g1e2,c1e3,c3e2,a1b1,c1d2,h2h3,d1e2,d1d2,c3b1,d1f3,c3b5
rnbqkb1r/ppp2ppp/8/3p4/3Pn3/5N2/PPP1BPPP/RNBQK2R b KQkq - 1 6	b8c6,f8d6,f8b4,c8e6,c8f5,c7c6,h7h6,f8e7,c7c5,b8d7,c8g4,e4d6,g7g6,e4f6,b7b6,a7a6
r1bqk2r/pp2ppbp/2n2np1/2pp4/2P5/2N1PNP1/PP1P1PBP/R1BQK2R w KQkq - 0 7	c4d5,e1g1,d2d4,d1b3,c3d5,d1a4,b2b3,d2d3,d1e2,h2h3,a2a3,c3a4,h2h4,f3h4,f3g5,a2a4
rnbq1rk1/1pp2pbp/3p2p1/p2Pp2n/2P1P3/2N2N1P/PP2BPP1/R1BQK2R w KQ - 1 9	f3g1,g2g3,c1g5,c1e3,h1g1,f3d2,a2a3,h3h4,c4c5,f3h2,e2d3,c1d2,d1c2,e1g1,a1b1,h1h2
r1bqkb1r/pp1n1ppp/2n1p3/2ppP3/3P1P2/2NB4/PPP3PP/R1BQK1NR w KQkq - 2 7	g1f3,d4c5,b2b3,a2a4,g1h3,h2h4,c1d2,c3b1,a2a3,a1b1,d1d2,c3b5,h2h3,d3e2,d3f1,g2g3
rnbqk2r/ppp1bppp/4pn2/3p4/2P5/P4NP1/1P1PPPBP/RNBQK2R b KQkq - 0 5	e8g8,c7c5,d5c4,c7c6,b8d7,a7a6,d5d4,c8d7,b8c6,a7a5,h7h6,f6d7,b7b6,d8d6,b8a6,e7d6
r1bqk2r/pp1pppbp/2n2np1/2p5/2P5/2N1PNP1/PP1P1PBP/R1BQK2R b KQkq - 0 6	e8g8,d7d5,h7h5,d7d6,c6a5,a8b8,e7e6,d8a5,a7a6,h7h6,e7e5,b7b6,a7a5,d8c7,f6h5,c6b4
r1bq1rk1/pppnbpp1/4pn1p/3p4/2PP3B/2N1PN2/PPQ2PPP/R3KB1R b KQ - 3 8	c7c5,c7c6,d5c4,f8e8,b7b6,a7a6,a7a5,g8h8,a8b8,d8e8,e7b4,d7b8,g7g6,d7b6,h6h5,b7b5
rnbq1rk1/1pp2pbp/3p1np1/p2Pp3/2P1P3/2N2N1P/PP2BPP1/R1BQK2R b KQ - 0 8	f6h5,b8d7,b8a6,c8d7,g8h8,f6d7,d8e7,a5a4,c7c6,f6e8,b7b6,h7h6,d8e8,d8d7,f8e8,g7h8
rnbqk2r/ppp2ppp/3b4/3p4/3Pn3/5N2/PPP1BPPP/RNBQK2R w KQkq - 2 7	c2c4,e1g1,b1c3,c1e3,b1d2,a2a4,f3d2,e2d3,h2h3,a2a3,c2c3,c1d2,f3e5,e2b5,d1d3,b1a3
rnbq1rk1/ppp2pbp/3p1np1/4p3/2PPP3/P1N2N2/1P2BPPP/R1BQK2R b KQ - 0 7	e5d4,b8c6,b8d7,c8d7,b8a6,d8e7,a7a5,b7b6,f6h5,f6g4,h7h6,c7c6,d8e8,a7a6,f8e8,d8d7
r1bqk1nr/pp2ppbp/2np2p1/2p5/4PP2/2NP2P1/PPP3BP/R1BQK1NR b KQkq - 0 6	e7e6,g8f6,a8b8,a7a6,b7b6,h7h6,d8d7,c8d7,f7f5,g8h6,e7e5,h7h5,c8e6,d8a5,c6d4,c6b4
r2qkb1r/pp1n1ppp/2p1pn2/5b2/P1NP4/2N1P3/1P3PPP/R1BQKB1R b KQkq - 0 8	f8b4,d8c7,d7b6,d8b8,f5g6,f6d5,a7a5,a7a6,c6c5,f6e4,f8e7,h7h6,f5e4,a8c8,h7h5,d8e7
rnbq1rk1/ppp2pbp/3p1np1/8/2PpP3/P1N2N2/1P2BPPP/R1BQK2R w KQ - 0 8	f3d4,d1d4,c3b5,c3d5,c3b1,c3a4,c3a2,e4e5,c1d2,c1h6,e2d3,d1c2,h2h4,c1g5,e1g1,b2b3
r2qk2r/pp1n1ppp/2p1pn2/5b2/PbNP4/2N1P3/1P3PPP/R1BQKB1R w KQkq - 1 9	f1e2,f2f3,c1d2,f1d3,g2g3,d1b3,h2h3,a4a5,h2h4,a1a2,c4d2,c4a3,d1f3,d1e2,h1g1,e1e2
rn1qkbnr/pp3ppp/2p1p3/3pPb2/3P4/5N2/PPPN1PPP/R1BQKB1R b KQkq - 1 5	c6c5,a7a6,d8c7,h7h5,f8e7,b8d7,h7h6,g8e7,a7a5,f5g6,g8h6,d8b6,f5g4,f8b4,g7g5,f7f6
rnbq1rk1/ppp1bppp/4pn2/3p4/2P5/P4NP1/1P1PPPBP/RNBQK2R w KQ - 1 6	d2d4,c4d5,b2b3,d1c2,e1g1,d2d3,d1a4,f3e5,b1c3,b2b4,d1b3,a3a4,e2e3,h2h4,h2h3,f3g5
r1bqk2r/pp2npbp/2np2p1/2p1p3/4P3/P1NP2PP/1PP2PB1/R1BQK1NR w KQkq - 1 8	a1b1,g1e2,c1g5,c1d2,a3a4,c1e3,g1f3,c3d5,h3h4,b2b4,c3e2,a1a2,b2b3,f2f4,g3g4,d1d2
r1bq1rk1/pp2ppbp/2n3p1/2pn4/3P4/2N1PNP1/PP3PBP/R1BQK2R w KQ - 0 9	e1g1,h2h3,c3d5,d1e2,c1d2,a2a3,d1d2,c3e2,h2h4,f3g5,a2a4,d1a4,d1b3,c3e4,f3h4,c3a4
r1bqk2r/2p1bppp/p2p1n2/np2p3/4P3/1B1P1N2/PPP2PPP/RNBQR1K1 w kq - 1 9	c1d2,b1d2,b1c3,a2a3,c2c4,h2h3,c1g5,c2c3,d1e2,a2a4,b3d5,b1a3,c1e3,f3d2,d1d2,g1h1
r1b1k2r/pp3ppp/2nqpn2/2pp4/3P4/2P1PN1P/PP1N1PP1/R2QKB1R b KQkq - 1 8	e8g8,c8d7,h7h6,b7b6,c5d4,e6e5,a7a5,f6d7,a8b8,c6e7,a7a6,g7g6,d6e7,c5c4,f6h5,e8e7
r1bq1rk1/pppnbpp1/4pn1p/3p4/2PP3B/2N1PN2/PP3PPP/R2QKB1R w KQ - 2 8	a1c1,f1e2,c4c5,d1c2,f1d3,c4d5,a2a3,h2h3,a2a4,d1b3,a1b1,d1c1,d1d2,d1b1,h4g3,f3d2
r1bqkb1r/pp1n1ppp/2n1p3/2ppP3/3P1P2/2NB1N2/PPP3PP/R1BQK2R b KQkq - 3 7	c6d4,c5d4,f8e7,d8b6,a7a6,d8a5,h7h6,a7a5,g7g6,b7b6,f7f5,a8b8,h7h5,c6b4,d7b6,d7b8
r1bqk2r/2p1bppp/p1np1n2/1p2p3/4P3/1B1P1N2/PPP2PPP/RNBQR1K1 b kq - 0 8	c6a5,e8g8,h7h6,c8e6,c8d7,c8b7,d8d7,a6a5,a8b8,c8g4,f6d7,a8a7,c6a7,c6d4,f6g4,c6b4
r1bq1rk1/pp2ppbp/2n3p1/2pn4/3P4/2N1PNP1/PP3PBP/R1BQ1RK1 b - - 1 9	c5d4,c8e6,c8g4,h7h5,d5c3,d5b4,a7a5,a8b8,h7h6,a7a6,f8e8,d8d7,c8f5,g7h8,d5c7,g8h8
r1bqk2r/pp2npbp/2np2p1/2p1p3/4P3/P1NP2PP/1PP1NPB1/R1BQK2R b KQkq - 2 8	c8d7,e8g8,b7b6,a7a5,a8b8,c6d4,f7f5,a7a6,h7h6,c8e6,d8c7,d8d7,h7h5,f7f6,d8a5,d8b6
r1b1k2r/pp3ppp/2nqpn2/2pp4/3P4/2P1P2P/PP1N1PP1/R2QKBNR w KQkq - 0 8	g1f3,f1b5,f1e2,a2a3,a1c1,d1a4,d1c2,d1b1,d1b3,d4c5,f1d3,d2f3,a2a4,a1b1,f2f4,d2b3
rn1qkbnr/pp3ppp/4p3/2ppPb2/3P4/5N2/PPPN1PPP/R1BQKB1R w KQkq - 0 6	f1b5,f1e2,c2c3,a2a3,f1d3,c2c4,h2h3,h2h4,d4c5,a2a4,g2g3,d2b3,b2b3,a1b1,d2b1,f3g1
r2qkb1r/1p3ppp/p1np1n2/4p3/P3P1b1/N1N2P2/1PP3PP/R1BQKB1R b KQkq - 0 9	g4e6,g4d7,g4c8,g4h5,g4f5,f6e4,d6d5,g4f3,b7b5,g4h3,c6d4,f6h5,h7h5,h7h6,c6b4,a8c8
r2qkb1r/pp3ppp/2npbn2/4p3/2B1P3/N1N2P2/PPP3PP/R1BQK2R b KQkq - 2 9	a7a6,c6a5,a8c8,f8e7,c6d4,h7h5,c6b4,h7h6,d8c7,d8d7,d8a5,a8b8,d8b6,d8c8,f6d7,e6d7
rnbqk2r/ppp1b1pp/4pn2/3p1p2/3P3P/5NP1/PPP1PPB1/RNBQK2R w KQkq - 1 6	c2c4,c1f4,e1g1,c1g5,h4h5,c1d2,a2a4,a2a3,c1e3,f3e5,c2c3,d1d3,e2e3,b1d2,b1a3,b1c3
r2qkb1r/1p3ppp/p1npbn2/4p3/2B1P3/N1N2P2/PPP3PP/R1BQK2R w KQkq - 0 10	c4b3,c3d5,c1g5,c4d5,e1g1,c1e3,c4e6,c4e2,d1d3,g2g3,c4d3,d1e2,b2b3,c4f1,d1d2,c3e2
r2q1rk1/pppnppbp/3p1npB/8/3PP1b1/2N2N2/PPPQBPPP/R3K2R b KQ - 9 8	e7e5,c7c6,g4f3,g7h6,d7b6,e7e6,c7c5,d6d5,f8e8,a8b8,g8h8,d8b8,a7a6,a7a5,g4h5,a8c8
r1bqk2r/pp3ppp/2nbpn2/2pp4/3P4/P1P1P1B1/1P1N1PPP/R2QKBNR b KQkq - 2 7	e6e5,d6g3,d8e7,e8g8,b7b6,h7h6,c5c4,c5d4,d6e7,a7a6,a7a5,h7h5,d8d7,g7g6,c6e7,d6f8
rnbqkb1r/ppp3pp/4pn2/3p1p2/3P3P/5NP1/PPP1PPB1/RNBQK2R b KQkq - 0 5	f8e7,c7c6,b8d7,f8b4,f6e4,f8d6,a7a5,b8c6,b7b5,f6g4,c8d7,a7a6,c7c5,f6h5,h7h6,b8a6
r2q1rk1/pppn1pbp/3p1npB/4p3/3PP1b1/2N2N2/PPPQBPPP/R3K2R w KQ - 0 9	h6g7,e1c1,d4e5,d4d5,h6g5,h1g1,h2h4,h6e3,a2a4,a2a3,d2e3,d2g5,a1d1,b2b3,e1f1,e1g1
rnbq1rk1/ppp1bppp/4pn2/3p4/2P5/N4NP1/PP1PPPBP/R1BQ1RK1 b - - 6 6	c7c5,b8c6,b8d7,c7c6,b7b6,a7a5,e7a3,f8e8,h7h6,c8d7,a7a6,b8a6,d5d4,e7d6,f6d7,f6e4
r2qkb1r/pp3ppp/2np1n2/4p3/4P1b1/N1N2P2/PPP3PP/R1BQKB1R b KQkq - 0 8	g4e6,g4c8,g4d7,g4h5,d6d5,f6e4,g4h3,b7b5,g4f5,f6h5,a8c8,h7h5,g4f3,a7a6,c6d4,f8e7
r1bqkb1r/pp1n1ppp/2p1pn2/3p4/2PP4/2N1PN2/PPQ2PPP/R1B1KB1R b KQkq - 2 6	f8d6,a7a6,h7h6,f8b4,d8c7,a7a5,b7b6,f8e7,d5c4,c6c5,g7g6,a8b8,d8a5,d8b6,d7b6,d8e7
r1bqk2r/pp3ppp/2nb1n2/2ppp3/3P4/P1P1P1B1/1P1N1PPP/R2QKBNR w KQkq - 0 8	d4c5,d4e5,g3e5,f1b5,d2f3,g1f3,g1e2,f1d3,f1e2,d2b3,d2b1,d1c2,a1c1,d1a4,d1e2,h2h3
r1bqk2r/pp1n1ppp/2pbpn2/3p4/2PP4/2N1PN2/PPQ2PPP/R1B1KB1R w KQkq - 3 7	f1d3,f1e2,b2b3,g2g4,c4d5,h2h3,c1d2,a2a3,a2a4,h1g1,c4c5,e3e4,a1b1,f3d2,g2g3,f3h4
r1bqk2r/ppp2ppp/2np1n2/2b1p3/2B1P3/2PP1N2/PP1N1PPP/R1BQK2R b KQkq - 1 6	a7a6,a7a5,c5b6,e8g8,c6e7,h7h6,d8e7,c8d7,a8b8,c8e6,f6h5,f6g4,c8g4,d8d7,f6d7,c6b8
r1bq1rk1/pppnppbp/6p1/8/Q2PP3/2P2N2/P4PPP/R1B1KB1R w KQ - 5 9	f1e2,a4a3,c1e3,a1b1,c1g5,h2h4,f1d3,c1f4,h2h3,a4c2,a4b3,a4b4,a4c4,a4d1,a4a5,c1d2
rnbq1rk1/ppp1bppp/4pn2/3p4/2P5/N4NP1/PP1PPPBP/R1BQK2R w KQ - 5 6	e1g1,d2d4,c4d5,a3c2,b2b3,e2e3,f3e5,d2d3,a1b1,h2h3,h2h4,d1a4,d1c2,d1b3,f3h4,a3b1
r1bq1rk1/ppp2ppp/2np1n2/2b1p3/2B1P3/2PP1N2/PP1N1PPP/R1BQK2R w KQ - 2 7	b2b4,e1g1,h2h3,c4b3,a2a4,a2a3,c4b5,b2b3,d2f1,a1b1,d1c2,d2b3,d1a4,d1e2,d2b1,d1b3
rnbqk1nr/pp3ppp/1b6/3p4/8/1N6/PPP2PPP/R1BQKBNR w KQkq - 2 7	c1e3,d1e2,b3d4,g1f3,c2c3,f1e2,f1b5,f1d3,h2h3,g1e2,c1f4,a2a4,c1d2,d1d3,a2a3,c2c4
rnbqk1nr/pp3ppp/8/2bp4/8/1N6/PPP2PPP/R1BQKBNR b KQkq - 1 6	c5b6,c5d6,d8e7,c5e7,c5f8,c5b4,b7b6,g8e7,b8c6,b8d7,c8f5,d8b6,d8c7,d8d6,h7h6,a7a6
r2qkbnr/pp3ppp/2n1p3/2ppPb2/3P4/2P2N2/PP2BPPP/RNBQK2R w KQkq - 2 7	c1e3,a2a3,e1g1,b1d2,d1a4,h2h3,h2h4,d1b3,g2g3,e2b5,e2d3,a2a4,d4c5,b1a3,e1f1,b2b3
1rbq1rk1/pp2ppbp/2np1np1/2p5/P3P3/2NP2P1/1PP1NPBP/R1BQ1RK1 w - - 3 9	f2f4,h2h3,c3d5,c1e3,f1e1,c1g5,c1f4,c1d2,a1a2,d1e1,b2b3,e2f4,d1d2,h2h4,a1b1,g1h1
r1b1k2r/ppppqppp/2n2n2/8/1b1NP3/3Q4/PPPB1PPP/RN2KB1R w KQkq - 5 7	b1c3,d4c6,d4f5,a2a3,f1e2,f2f3,c2c3,f2f4,d4b3,d4e2,d4b5,d4f3,h2h4,e4e5,g2g3,b2b3
1rbqk2r/pp2ppbp/2np1np1/2p5/P3P3/2NP2P1/1PP1NPBP/R1BQ1RK1 b k - 2 8	e8g8,a7a6,c8d7,b7b6,h7h5,h7h6,e7e6,d8d7,d8c7,f6d7,c8g4,c8e6,e7e5,c6b4,b8a8,f6g8
r1bqk2r/pppnppbp/6p1/8/Q2PP3/2P2N2/P4PPP/R1B1KB1R b KQkq - 4 8	e8g8,c7c5,a7a6,h7h6,c7c6,h7h5,a8b8,a7a5,b7b6,e7e5,e7e6,e8f8,g7f8,h8f8,b7b5,g7f6
r2qkb1r/pp3ppp/2npbn2/4p3/4P3/N1N2P2/PPP3PP/R1BQKB1R w KQkq - 1 9	a3c4,c1g5,f1c4,d1d2,f1e2,a1b1,c1e3,f1d3,d1d3,a3b1,f1b5,h2h4,d1e2,a3b5,c1d2,g2g3
rnbq1rk1/ppp2ppp/5n2/3p4/1b1P4/2NBP3/PP2NPPP/R1BQK2R b KQ - 1 7	b7b6,h7h6,f8e8,b4d6,c7c6,a7a6,a7a5,b4e7,b8d7,b8a6,c8e6,c7c5,c8d7,g7g6,b4a5,g8h8
rn1qkbnr/pp3ppp/4p3/2ppPb2/3P4/2P2N2/PP2BPPP/RNBQK2R b KQkq - 1 6	g8h6,a7a6,b8c6,c5d4,f5g6,f5g4,f8e7,h7h6,h7h5,d8d7,d8c7,f5e4,b8d7,f7f6,g8e7,g7g6
r1bqk1nr/pp2ppbp/2np2p1/2p5/4P2P/2NP2P1/PPP2PB1/R1BQK1NR b KQkq - 0 6	g8f6,h7h6,h7h5,d8a5,c8d7,c8e6,e7e5,g8h6,a8b8,a7a6,c6e5,e7e6,a7a5,g7f8,f7f6,b7b6
r1bqk2r/2p1bppp/p1np1n2/1p2p3/4P3/1BN2N2/PPPP1PPP/R1BQR1K1 b kq - 1 8	c8g4,c6a5,e8g8,a8b8,c8b7,c8d7,h7h6,c6d4,d8d7,c8e6,a8a7,f6d7,b5b4,c6b8,c6b4,c6a7
r1bqk2r/pppp1ppp/2n2n2/8/1b1NP3/3Q4/PPPB1PPP/RN2KB1R b KQkq - 4 6	d8e7,a7a5,b4c5,e8g8,b4e7,b4d2,d7d5,h7h5,a8b8,h7h6,a7a6,b7b6,g7g6,b7b5,b4d6,d7d6
r1bqkb1r/1p3ppp/p1np1n2/1N2p3/4P3/2N5/PPP1BPPP/R1BQK2R w KQkq - 0 8	b5a3,c1g5,c1e3,c3d5,a2a4,h2h3,e1g1,f2f3,g2g4,a2a3,e2f1,e2d3,f2f4,c1d2,b2b4,e2c4
r2q1rk1/1bp1bppp/p2p1n2/np2p3/4P3/1B1P1N1P/PPP1NPP1/R1BQR1K1 b - - 2 11	h7h6,f6h5,f8e8,c7c5,a5b3,f6d7,h7h5,a8c8,a8b8,d8c8,b7c6,g7g6,d8d7,b7c8,g8h8,c7c6
r1bqk1nr/pp3pbp/2np2p1/2p1p3/4P3/2NP2PP/PPP1NPB1/R1BQK2R b KQkq - 1 7	g8e7,a8b8,c8e6,a7a5,h7h6,c8d7,a7a6,f7f5,c6d4,h7h5,f7f6,g8f6,d8b6,d8c7,d8d7,d8a5
r1bq1rk1/ppp2ppp/2np1n2/1B2p3/4P3/2P2N1P/PPP2PP1/R1BQ1RK1 w - - 0 8	d1e2,b5d3,f3d2,f1e1,d1d3,c1g5,d1e1,b5c6,c1e3,b5c4,f3h2,a2a4,f3e1,b5e2,c3c4,a2a3
r2qkb1r/1p3ppp/p1npbn2/4p3/2N1P3/2N2P2/PPP3PP/R1BQKB1R b KQkq - 3 9	d6d5,b7b5,c6d4,a8b8,f8e7,g7g6,a8c8,c6a5,h7h6,h7h5,d8c7,c6b4,b7b6,f6d7,f6h5,c6a7
r2q1rk1/2p1bppp/p1np1n2/1p2p3/P2PP1b1/1BP2N2/1P3PPP/RNBQR1K1 w - - 1 11	d4d5,c1e3,b3c2,a4b5,d4e5,b3d5,b1d2,h2h3,e1e3,g1h1,d1d3,a4a5,g1f1,e1f1,b3a2,c1g5
r2q1rk1/2pbbppp/p1np1n2/1p2p3/P2PP3/1BP2N2/1P3PPP/RNBQR1K1 b - - 0 10	h7h6,f8e8,d7g4,d8c8,d8b8,c6a5,a8c8,b5a4,d8e8,e5d4,b5b4,g8h8,d7e8,f6g4,a8b8,h7h5
r2qkb1r/pp1npppp/2p2nb1/8/3P4/2P3N1/PP2NPPP/R1BQKB1R w KQkq - 1 8	h2h4,a2a4,e2f4,a2a3,c1d2,c1g5,h2h3,b2b3,e2g1,d1d2,c1e3,b2b4,c1f4,d1b3,f2f4,d1a4
r1bqk2r/pp2npbp/2np2p1/2p1p3/4P3/2NP2PP/PPP1NPB1/R1BQK2R w KQkq - 2 8	a2a4,e1g1,c3d5,a2a3,c1g5,f2f4,a1b1,c1d2,c1e3,b2b3,h3h4,g3g4,d1d2,e2g1,c3b5,g2f3
rnbqk2r/ppp1bppp/4pn2/8/2Pp4/1P3NP1/P2PPPBP/RNBQ1RK1 b kq - 1 6	c7c5,b8c6,e8g8,a7a5,h7h6,a7a6,c7c6,h7h5,g7g6,f6g4,d8d7,f6e4,e7f8,d8d6,e7d6,e8f8
rn1qkb1r/pp2pppp/2p2nb1/8/3P4/6N1/PPP1NPPP/R1BQKB1R w KQkq - 5 7	h2h4,c2c3,e2f4,a2a4,a2a3,c1d2,h2h3,c1e3,d1d2,c1g5,e2g1,e2c3,a1b1,b2b4,b2b3,f2f3
rnbqk2r/pp2bppp/4pn2/2p5/2Pp4/1P3NP1/P2PPPBP/RNBQ1RK1 w kq - 0 7	d2d3,e2e3,f3e5,f1e1,h2h3,a2a3,b1a3,b3b4,c1b2,d1e1,c1a3,d1c2,f3e1,a2a4,g1h1,g2h1
rnbq1rk1/pp2bppp/4pn2/2pp4/2PP4/N4NP1/PP2PPBP/R1BQK2R w KQ - 0 7	e1g1,d4c5,c4d5,c1f4,b2b3,a3c2,c1g5,c1e3,a1b1,h2h4,h2h3,d1a4,d1d2,a3b1,f3e5,d1d3
rn1qkbnr/pp2pppp/2p3b1/8/3P4/6N1/PPP1NPPP/R1BQKB1R b KQkq - 4 6	g8f6,e7e5,e7e6,b8d7,d8a5,d8b6,d8d6,b8a6,d8c7,a7a5,h7h6,f7f6,d8d7,a7a6,h7h5,c6c5
r1bqk2r/pp2bppp/2n1pn2/2p5/2Pp4/1P1P1NP1/P3PPBP/RNBQ1RK1 w kq - 1 8	e2e3,f1e1,h2h3,a2a3,b1d2,b1a3,c1f4,d1c2,c1a3,c1b2,f3e1,c1d2,a2a4,d1d2,d1e1,g1h1
rnb2rk1/ppp1qpp1/4p2p/3p4/2PPn3/2N1PN2/PP3PPP/R2QKB1R w KQ - 0 9	a1c1,c4d5,h2h3,d1c1,d1d3,d1b1,d1c2,d1b3,a2a4,a1b1,a2a3,f1e2,f1d3,f3e5,f3d2,d1a4
rnbqk2r/pp3ppp/2pb4/3p4/3Pn3/3B1N2/PPP2PPP/RNBQK2R w KQkq - 2 8	e1g1,c2c4,b1d2,b1c3,h2h3,c1e3,c2c3,a2a4,a2a3,d3e2,f3e5,f3d2,b1a3,c1d2,d1e2,d3f1
r1bq1rk1/pppp1ppp/2n2n2/1B2p3/4P3/2P2N1P/PPP2PP1/R1BQ1RK1 b - - 0 7	d7d6,f6e4,h7h6,a7a5,f8e8,d8e8,d8e7,a7a6,a8b8,c6e7,c6a5,c6b8,b7b6,g8h8,d7d5,f6e8
rn1qkb1r/pp2pppp/2p2nb1/8/3P4/2P3N1/PP2NPPP/R1BQKB1R b KQkq - 0 7	b8d7,e7e6,e7e5,f6d5,d8c7,d8d6,h7h6,d8a5,d8b6,f6h5,a7a6,a7a5,d8d7,c6c5,d8c8,h8g8
r2q1rk1/1bp1bppp/p2p1n2/np2p3/4P3/1BNP1N1P/PPP2PP1/R1BQR1K1 w - - 1 11	c3e2,c1d2,f3h2,b3d5,c1e3,a2a3,d1e2,c1g5,f3d2,d1d2,g1f1,g1h2,c3d5,g1h1,e1f1,a1b1
r1bqk2r/pp2bppp/2n1pn2/2p5/2Pp4/1P1PPNP1/P4PBP/RNBQ1RK1 b kq - 0 8	e6e5,e8g8,h7h6,a7a6,d4e3,e7d6,a7a5,d8c7,f6d7,a8b8,c8d7,d8b6,h7h5,d8d6,g7g6,d8d7
r2qkb1r/pp1bpppp/2np1n2/1B4B1/3NP3/2N5/PPP2PPP/R2QK2R b KQkq - 6 7	e7e6,d8b6,a7a6,c6d4,a8b8,g7g6,a8c8,h7h5,h8g8,d8c8,d8b8,e7e5,h7h6,d8c7,d8a5,f6g8
rnb2rk1/ppp1qpp1/4p2p/3p4/2PPn3/2N1PN2/PP3PPP/2RQKB1R b K - 1 9	c7c6,e4c3,a7a5,e4f6,f8d8,b8c6,a7a6,f8e8,e7b4,e7d6,b7b6,c7c5,e7d8,g8h8,g7g6,e7e8
r1bqkb1r/pp3ppp/2np1n2/1N2p3/4P3/2N5/PPP1BPPP/R1BQK2R b KQkq - 1 7	a7a6,f8e7,a8b8,h7h6,c6b4,c8e6,h7h5,b7b6,h8g8,c6a5,d8a5,c6b8,e8d7,d8d7,c8d7,g7g6
r2qkb1r/pp1b1ppp/2nppn2/1B4B1/3NP3/2N5/PPP2PPP/R2QK2R w KQkq - 0 8	d1d3,b5e2,b5c6,d4b3,d4c6,e1g1,g5e3,d1d2,f2f4,a2a4,h2h3,a2a3,g5h4,d4f3,a1c1,h2h4
rnbqr1k1/ppp2ppp/5n2/3p4/1b1P4/2NBP3/PP2NPPP/R1BQK2R w KQ - 2 8	a2a3,e1g1,e2g3,a1b1,d3c2,d1c2,e2f4,h2h3,c1d2,d3b1,d1d2,d1b3,f2f3,a2a4,b2b3,d1a4
r1bq1rk1/ppp2ppp/2np1n2/2b1p3/2B1P3/2PP1N2/PP1N1PPP/R1BQ1RK1 b - - 3 7	a7a6,a7a5,c5b6,c6a5,h7h6,f8e8,c6e7,c8d7,c8e6,d8e7,g8h8,a8b8,f6h5,d8e8,c8g4,f6d7
r1bq1rk1/pp1pppbp/5np1/2p5/2Pn4/2N2NP1/PP2PPBP/R1BQ1RK1 w - - 0 8	f3d4,h2h4,c1e3,d1d2,c1d2,c1f4,f1e1,h2h3,f3e1,a1b1,c1g5,d1d3,a2a3,b2b3,c3a4,e2e4
r2qk2r/2p1bppp/p1np1n2/1p2p3/4P1b1/1BN2N2/PPPP1PPP/R1BQR1K1 w kq - 2 9	h2h3,c3e2,c3d5,d2d3,a2a4,b3d5,g1h1,a2a3,c3b1,a1b1,e1f1,e1e3,e1e2,d2d4,g1f1,h2h4
rnbq1rk1/pp3ppp/4pn2/2p5/1bBP4/P1N1P3/1PQ2PPP/R1B1K1NR b KQ - 0 8	b4c3,d8a5,c5d4,b4a5,b7b5,e6e5,b8c6,c8d7,f6d5,a7a6,b8a6,b7b6,d8c7,b8d7,a7a5,b4a3
rnbq1rk1/ppp1bppp/4pn2/3p4/2P5/3P1NP1/PP2PPBP/RNBQ1RK1 b - - 2 6	c7c5,b8c6,h7h6,a7a6,a7a5,f8e8,b7b6,b8d7,c7c6,b8a6,d5d4,c8d7,f6d7,f6e8,g8h8,d5c4
rnbqkb1r/1p3ppp/p3pn2/2p5/2BP4/4PN1P/PP3PP1/RNBQ1RK1 b kq - 1 7	c5d4,b7b5,b8c6,b8d7,h7h6,b7b6,f8d6,f8e7,d8c7,g7g6,c8d7,d8d7,a8a7,d8a5,d8b6,d8d6
rnbq1rk1/pp3ppp/4pn2/2p5/1bBP4/2N1P3/PPQ2PPP/R1B1K1NR w KQ - 0 8	d4c5,a2a3,g1f3,g1e2,c2d3,c2e2,c4e2,c2d2,c4d3,c2b3,c2d1,c2a4,c4b5,c4b3,c1d2,h2h3
r1bqk2r/ppp2pp1/2np1n1p/2b1p3/4P3/1BPP1N2/PP3PPP/RNBQ1RK1 b kq - 1 7	e8g8,c8e6,a7a6,a7a5,c5b6,c8g4,c8d7,a8b8,d8e7,f6h7,f6g4,g7g5,f6d7,c6e7,b7b5,h8g8
r1b1k2r/pp1nqppp/2pbpn2/3p4/P1PP4/2N1PN2/1P2BPPP/R1BQ1RK1 b kq - 4 8	e8g8,a7a5,a7a6,h7h6,a8b8,d5c4,f6e4,d6c7,b7b6,d6b4,d6b8,e6e5,e7d8,d7f8,d7b8,h7h5
r1b1qrk1/ppp2pbp/n2p2p1/4p1B1/2PPP1n1/2NQ1N2/PP2BPPP/R3K2R w KQ - 6 10	d3d2,e1g1,d4e5,d4d5,h2h3,d3d1,a1d1,g5e3,c3d5,c3b5,e1f1,g5h4,a1c1,d3c2,h2h4,f3d2
r1bqr1k1/2p1bppp/p2p1n2/np2p3/4P3/1B1P1N1P/PPP2PP1/R1BQRNK1 b - - 4 11	c7c5,a5b3,c8b7,h7h6,c8d7,e7f8,d8d7,c7c6,a8b8,f6d7,a8a7,g7g6,e8f8,g8f8,h7h5,c8e6
r1bq1rk1/pp1pppbp/2n2np1/2p5/2PP4/2N2NP1/PP2PPBP/R1BQ1RK1 b - - 0 7	d7d6,c5d4,c6d4,d7d5,b7b6,d8b6,h7h6,f6h5,f6e8,f6g4,h7h5,g8h8,d8c7,c6a5,f8e8,d8a5
r1bq1rk1/1pp2ppp/p1np1n2/2b1p3/2B1P3/2PP1N2/PP1N1PPP/R1BQ1RK1 w - - 0 8	a2a4,f1e1,b2b4,h2h3,c4b3,a2a3,a1b1,d2b1,d1e2,d1c2,g1h1,d1e1,d2b3,f3g5,f3h4,f3e1
r1bqkb1r/1p3ppp/p1n1pn2/2p5/2BP4/4PN1P/PP3PP1/RNBQ1RK1 w kq - 2 8	d4c5,a2a4,b1c3,c4e2,f1e1,c4d3,a2a3,c4b3,d1e2,d1c2,d1d2,f3e5,c1d2,b1d2,g1h1,b1a3
rnbqr1k1/ppp2ppp/3b4/3p4/3Pn3/3BBN2/PPP2PPP/RN1Q1RK1 w - - 6 9	b1c3,c2c4,h2h3,c2c3,f1e1,b1d2,f3d2,a2a3,f3e5,b1a3,a2a4,d3e2,d1c1,f3e1,g1h1,d3b5
rnbq1rk1/pp2bppp/4pn2/2pp4/2P5/3P1NP1/PP2PPBP/RNBQ1RK1 w - - 0 7	c4d5,d3d4,f3e5,b2b3,e2e3,d1c2,d1e1,f1e1,e2e4,c1f4,a2a3,b1c3,h2h3,c1d2,b1d2,a2a4
rnbqk1nr/bp3ppp/p7/3p4/P7/1N6/1PP1QPPP/R1B1KBNR b KQkq - 3 8	g8e7,c8e6,d8e7,e8f8,e8d7,a7e3
1rbqk1nr/pp3pbp/2npp1p1/2p5/4PP2/2NP1NP1/PPP3BP/R1BQK2R w KQk - 2 8	d1e2,c1e3,a2a4,e1g1,e4e5,c3e2,a2a3,d1d2,g3g4,f3h4,c1d2,a1b1,h2h4,h2h3,f3g5,c3b5
r1bqk2r/1p1n1ppp/p1n1p3/2bpP3/5P2/2NB1N2/PPP3PP/R1BQK2R w KQkq - 0 9	d1e2,c1d2,a2a3,h2h4,d1d2,h1f1,f3g5,f3d2,h2h3,b2b3,g2g3,c3e2,g2g4,c3a4,a2a4,f3g1
r1bqr1k1/2p1bppp/p2p1n2/np2p3/4P3/1B1P1N1P/PPPN1PP1/R1BQR1K1 w - - 3 11	d2f1,c2c4,c2c3,d1e2,a2a4,d2b1,f3h2,e1e2,a2a3,a1b1,e1e3,b3d5,g1h1,g1h2,g1f1,e1f1
rnbqkb1r/pp2pp1p/3p1np1/8/3NP3/2N5/PPP1BPPP/R1BQK2R b KQkq - 1 6	b8c6,f8g7,a7a6,b8d7,e7e5,c8d7,h7h5,h7h6,d8a5,b8a6,a7a5,d8d7,f6d7,h8g8,f6g8,d8b6
r1bqk2r/1pp2pp1/2np1n1p/p1b1p3/4P3/1BPP1N2/PP3PPP/RNBQ1RK1 w kq - 0 8	f1e1,a2a4,c1e3,b1d2,b3a4,b3c2,d3d4,a2a3,b1a3,b3c4,d1e2,f3h4,c1d2,g1h1,d1c2,f3e1
r1bqkb1r/pp2pp1p/2np1np1/8/3NP3/2N5/PPP1BPPP/R1BQK2R w KQkq - 2 7	c1e3,e1g1,a2a4,f2f3,a2a3,c3d5,c1g5,d4b3,h2h3,a1b1,f2f4,c1f4,e2f3,h2h4,d1d3,d4f3
r1b1qrk1/ppp2pbp/n2p2p1/4p1B1/2PPP1n1/2NQ1N2/PP2BPPP/R4RK1 b - - 7 10	e5d4,h7h6,f7f6,f7f5,c8d7,c7c6,g8h8,a8b8,g4f6,a6b4,b7b6,c8e6,g7f6,g4h6,e8e6,c7c5
r2qk2r/ppp1bppp/2n1b3/3np3/P1B5/3P1N2/1PP2PPP/RNBQ1RK1 w kq - 2 8	a4a5,f1e1,c4b3,b1a3,b1d2,h2h3,d1e2,c4b5,c2c3,d1e1,d3d4,c1d2,g1h1,d1d2,b2b3,h2h4
rnbqk1nr/bp3ppp/p7/3p4/P7/1N6/1PP2PPP/R1BQKBNR w KQkq - 2 8	d1e2,g1f3,c1e3,f1d3,b3d4,c2c3,h2h3,f1e2,d1f3,c1f4,d1d3,c1d2,g1h3,a1a3,a4a5,g1e2
rnbq1rk1/ppp2ppp/3b4/3p4/3Pn3/3BBN2/PPP2PPP/RN1Q1RK1 b - - 5 8	f8e8,c7c6,b8c6,c8g4,c8f5,b8d7,h7h6,b8a6,e4f6,d8e7,d8f6,c8e6,d8e8,a7a5,a7a6,d6e7
rnbq1rk1/ppp2pbp/3p1np1/4p3/2PPP3/2N2N2/PP2BPPP/1RBQK2R b K - 1 7	b8c6,e5d4,a7a5,c8d7,b8a6,d8e7,b8d7,a7a6,b7b6,f6h5,c7c6,h7h6,h7h5,f8e8,c8g4,d8e8
r1bq1rk1/ppp2pbp/2np1np1/4p3/2PPP3/2N2N2/PP2BPPP/1RBQK2R w K - 2 8	d4e5,d4d5,c1e3,e1g1,d1d3,h2h3,c1g5,h2h4,b1a1,c3d5,h1g1,e1f1,a2a4,e2d3,a2a3,c4c5
r1bqk2r/pp1n1ppp/2n1p3/2bpP3/5P2/2NB1N2/PPP3PP/R1BQK2R b KQkq - 1 8	a7a6,f7f6,d8c7,h7h6,a8b8,c5e7,g7g6,b7b5,f7f5,c5b4,a7a5,c6b4,d8a5,h7h5,c6d4,c6e7
1rbqk1nr/pp3pbp/2npp1p1/2p5/P3PP2/2NP1NP1/1PP3BP/R1BQK2R b KQk - 0 8	g8e7,a7a6,b7b6,d6d5,g8h6,h7h6,g8f6,f7f5,h7h5,c6d4,b8a8,d8d7,c8d7,d8a5,d8e7,d8c7
r1b2rk1/pp1nqppp/2pbpn2/3p4/P1PP4/2N1PN2/1P2BPPP/R1BQ1RK1 w - - 5 9	a4a5,d1c2,c1d2,f1e1,f3d2,d1d2,h2h3,d1b3,g1h1,f3h4,g2g3,b2b3,c4c5,a1b1,f3g5,f3e1
r1bqk1nr/pp3pbp/2np2p1/2p1p3/4P3/P1NP2PP/1PP2PB1/R1BQK1NR b KQkq - 0 7	g8e7,b7b6,a8b8,c8e6,h7h6,a7a6,a7a5,f7f5,d8d7,c8d7,g8f6,c6d4,d8a5,f7f6,d8b6,h7h5
rnbq1rk1/ppp2ppp/4pn2/3p4/1bPP4/2NBP3/PP1B1PPP/R2QK1NR b KQ - 1 6	c7c5,d5c4,b4e7,b7b6,f8e8,b8d7,h7h6,a7a6,c7c6,c8d7,a7a5,d8e7,b8c6,b4c3,b4a5,b8a6
rnbq1rk1/pp3ppp/4pn2/2pp4/1bPP4/2NBP3/PP1B1PPP/R2QK1NR w KQ - 0 7	c4d5,d4c5,g1f3,a2a3,g1e2,a1c1,d1b3,c3e2,h2h3,c3a4,d1e2,c3b1,d1a4,d3e2,d3c2,d2c1
r1bq1rk1/ppp1ppbp/2np1np1/8/P2PP3/2N2N2/1PP1BPPP/R1BQK2R w KQ - 1 7	e1g1,a4a5,c1g5,h2h4,c1e3,h2h3,c1f4,d4d5,a1a3,c1d2,a1b1,b2b3,d1d2,e2b5,e2d3,g2g3
r1bqk2r/ppp1bppp/2n5/3np3/P1B5/3P1N2/1PP2PPP/RNBQ1RK1 b kq - 1 7	c8e6,c8g4,e8g8,f7f6,a7a6,c8f5,d8d6,d5b6,a7a5,e7f6,e7c5,d5f6,d5f4,h7h6,a8b8,c6a5
r1bqk2r/pp2ppbp/2np1np1/2p5/4P3/2NP1NP1/PPP2PBP/R1BQ1RK1 b kq - 3 7	e8g8,a8b8,c8d7,h7h6,d8c7,e7e5,c8e6,b7b6,c8g4,a7a6,f6d7,d8d7,c6d4,f6g4,f6h5,e7e6
r1bqk2r/pp1nbppp/2n1p3/2ppP3/3P1P2/2P2N2/PP2N1PP/R1BQKB1R b KQkq - 2 8	f7f6,e8g8,d8b6,a7a5,b7b5,d8c7,a8b8,c5d4,f7f5,h7h6,a7a6,g7g6,d8a5,h7h5,d7b6,e7f8
r1bqk2r/1pp2ppp/2np1n2/p1b1p3/P1B1P3/2PP1N2/1P3PPP/RNBQK2R w KQkq - 0 7	e1g1,h2h3,b1a3,b1d2,c4b3,c4a2,d1e2,c4b5,c1d2,c1e3,d1c2,d1b3,c1g5,d1d2,f3g5,b2b3
r1bqk2r/pp2ppbp/2np1np1/2p5/P3P3/2NP1NP1/1PP2PBP/R1BQK2R b KQkq - 0 7	e8g8,a8b8,b7b6,h7h6,c8d7,e7e5,a7a6,d8d7,e7e6,c6b4,f6d7,d8c7,c8e6,d6d5,c8g4,f6h5
r1bqk2r/1pp2ppp/1bnp1n2/pP2p3/P1B1P3/2PP1N2/5PPP/RNBQK2R b KQkq - 0 8	c6e7,c6b8,c6a7,d6d5,f6g4,e8g8,h7h6,h8g8,c6b4,g7g5,a8b8,b6f2,d8d7,c8g4,b6a7,d8e7
rnbq1rk1/ppp1ppbp/3p1np1/6B1/3PP3/2N2N2/PPP1BPPP/R2QK2R b KQ - 5 6	a7a6,c7c5,d6d5,b8d7,c7c6,c8g4,h7h6,a7a5,f8e8,c8e6,b8a6,b8c6,b7b6,c8d7,h7h5,g8h8
r1bqk1nr/pp1p1ppp/2n1p3/2b5/4P3/PN6/1PP2PPP/RNBQKB1R b KQkq - 2 6	c5b6,c5e7,c5f8,d7d6,b7b6,d8b6,d8e7,c5f2,g8f6,d7d5,f7f5,h7h6,g8e7,a7a5,a7a6,h7h5
r1bq1rk1/1pp2ppp/p1np1n2/2b1p3/2B1P3/2PP1N1P/PP1N1PP1/R1BQ1RK1 b - - 0 8	c6a5,c5a7,c8e6,b7b5,h7h6,f8e8,c5b6,c8d7,g8h8,a8b8,c6e7,a6a5,d8e7,d8e8,f6e8,d8d7
rnbq1rk1/pp2ppbp/3p1np1/2p3B1/3PP3/2N2N2/PPP1BPPP/R2QK2R w KQ - 0 7	d4c5,e1g1,h2h3,d4d5,d1d2,a2a4,a1b1,h2h4,g5f6,d1d3,g5h4,a2a3,a1c1,g5c1,g2g3,e2c4
rnb1k2r/pp2nppp/4p3/q1ppP3/3P4/P1P5/2P2PPP/1RBQKBNR w Kkq - 3 8	c1d2,g1f3,d1d2,g1e2,d1d3,f2f4,c1b2,f1d3,d1f3,h2h4,f1e2,f1b5,a3a4,b1b3,c1e3,d1g4
r1bqk2r/1pp1nppp/1b1p1n2/pP2p3/P1B1P3/2PP1N2/5PPP/RNBQK2R w KQkq - 1 9	e1g1,b1d2,c4b3,c4a2,d1c2,c1a3,h2h3,b1a3,c1g5,c1e3,a1a2,f3g5,d1e2,c1b2,d1b3,d1d2
r1bq1rk1/pp2ppbp/2np1np1/2p5/4P3/2NP1NP1/PPP2PBP/R1BQ1RK1 w - - 4 8	a2a4,h2h3,f1e1,c3d5,c1d2,a2a3,c1f4,d3d4,a1b1,c1g5,c1e3,f3e1,f3d2,f3h4,d1d2,g1h1
r1bq1rk1/pp2bppp/2n1pn2/2pp4/3P4/2PBP1B1/PP1NNPPP/R2QK2R b KQ - 5 8	b7b6,a7a5,f8e8,e7d6,g7g6,c8d7,d8b6,a7a6,f6h5,d8d7,h7h6,c5c4,c5d4,g8h8,d8e8,c6b8
rnbq1rk1/ppp1bppp/4pn2/3p4/2PP4/P4NP1/1P2PPBP/RNBQK2R b KQ - 0 6	d5c4,b8d7,c7c6,a7a5,a7a6,h7h6,b8c6,f6e4,b7b6,f8e8,d8d6,c7c5,c8d7,b8a6,f6d7,g8h8
r1bq1rk1/1p2bppp/2n1pn2/p1pp4/3P4/2PBP1B1/PP1NNPPP/R2QK2R w KQ - 0 9	h2h3,a2a4,a2a3,e1g1,a1c1,d3c2,a1b1,d3b5,d1b1,b2b3,h2h4,d4c5,d2f3,e2f4,g3h4,g3f4
r1bq1rk1/1pp2ppp/p2p1n2/n1b1p3/2B1P3/2PP1N1P/PP1N1PP1/R1BQ1RK1 w - - 1 9	b2b4,d3d4,f1e1,a2a4,c4b3,c4d5,c4f7,b2b3,a2a3,d1c2,d1e2,a1b1,g1h2,d1e1,f3h2,g1h1
rnbq1rk1/ppp1ppbp/3p1np1/8/P2PP3/2N2N2/1PP1BPPP/R1BQK2R b KQ - 0 6	b8c6,c7c5,a7a5,f8e8,d6d5,b8d7,h7h6,e7e5,a7a6,c8g4,b7b6,c8d7,b8a6,e7e6,c7c6,d8e8
1rbqk2r/pp2npbp/2npp1p1/2p5/4PP2/2NPBNP1/PPP3BP/R2QK2R w KQk - 4 9	e1g1,a2a4,d1d2,a1b1,a2a3,h2h4,d1e2,e3f2,e3d2,h2h3,d1c1,f3g5,a1c1,f3d2,d1b1,e3c1
r1bqk1nr/pp1p1ppp/1bn1p3/8/4P3/PN6/1PP2PPP/RNBQKB1R w KQkq - 3 7	b1c3,c2c4,d1f3,d1e2,f1d3,f1b5,d1g4,d1h5,c1f4,a3a4,c1d2,g2g3,b3d2,h2h3,d1d3,f1e2
r1bq1rk1/pp1nbppp/2n1p3/2ppP3/3P1P2/2P2N2/PP2N1PP/R1BQKB1R w KQ - 3 9	h2h4,c1e3,a2a3,d4c5,d1c2,g2g3,a2a4,e2g3,c1d2,h2h3,g2g4,a1b1,f3g5,d1d3,d1d2,d1b3
r1bq1rk1/pp2ppbp/2np1np1/2p5/2P4P/2NP1NP1/PP2PPB1/R1BQK2R w KQ - 0 8	a1b1,a2a3,c1d2,e1g1,d1d2,c1f4,f3h2,c3d5,d1c2,c1g5,c1e3,a2a4,f3g1,f3d2,f3g5,e1f1
r1bq1rk1/pp2ppbp/2np1np1/2p5/2P4P/2NP1NP1/PP1BPPB1/R2QK2R b KQ - 1 8	c8f5,a8b8,a7a6,c8g4,h7h6,a7a5,c8d7,f6h5,h7h5,f8e8,b7b6,d8d7,c8e6,g8h8,d8e8,g7h8
rnbqk2r/pp2nppp/4p3/2ppP3/3P4/P1P5/2P2PPP/1RBQKBNR b Kkq - 2 7	d8a5,b7b6,d8c7,b8c6,e8g8,h7h6,e7f5,h8g8,a7a6,b8d7,c5d4,c5c4,e8f8,c8d7,h7h5,b8a6
r1bq1rk1/pp2ppbp/2np1np1/2p5/P3P3/2NP1NP1/1PP2PBP/R1BQK2R w KQ - 1 8	e1g1,h2h3,c1d2,c1e3,f3h4,f3d2,a1b1,c1f4,c1g5,f3g1,c3d5,d1d2,d1e2,a1a3,c3b5,f3g5
r1bqk2r/ppp2ppp/2np1n2/2b1p3/P1B1P3/2PP1N2/1P3PPP/RNBQK2R b KQkq - 0 6	a7a5,c5b6,a7a6,f6g4,d6d5,c6e7,c6b8,e8g8,h7h6,c8d7,f6h5,f6d7,c8g4,d8e7,d8d7,c6a5
r1bqkb1r/pp3ppp/5n2/3pn3/8/2PB4/PP2NPPP/RNBQK2R w KQkq - 0 8	e1g1,h2h3,c1f4,d3c2,e2d4,a2a4,c1g5,d1c2,d3b5,c1e3,b1a3,e2f4,a2a3,e2g3,b2b3,d1a4
rnbqk2r/ppp3pp/3bpn2/3p1p2/3P4/1PP2NP1/P3PPBP/RNBQK2R w KQkq - 1 7	e1g1,c3c4,d1c2,c1b2,c1a3,a2a3,e2e3,f3e5,a2a4,c1f4,b1a3,d1d3,c1e3,c1d2,b1d2,d1d2
rnbq1rk1/ppp2pbp/3p1np1/4p3/2PPP3/2NQ1N2/PP2BPPP/R1B1K2R b KQ - 1 7	b8a6,b8d7,e5d4,c7c6,f8e8,f6h5,b8c6,d8e7,c8g4,d8e8,f6g4,b7b6,a7a5,f6d7,c8e6,h7h5
r1bq1rk1/pp1nbpp1/2p1pn1p/3p4/2PP4/5NP1/PPQ1PPBP/RNBR2K1 w - - 2 9	b1d2,b2b3,a2a4,a2a3,e2e3,c1f4,h2h3,b1c3,c2d3,h2h4,g2h3,c1d2,c1e3,f3e1,f3d2,c2b3
1rbqk1nr/pp3pbp/2npp1p1/2p5/4PP2/2NPBNP1/PPP3BP/R2QK2R b KQk - 3 8	g8e7,b7b6,g8h6,g8f6,b7b5,f7f5,a7a6,h7h6,h7h5,c6d4,d8a5,b8a8,d8e7,g7d4,e6e5,d8d7
r1bqk2r/pp2ppbp/2np1np1/2p5/4P3/2NP1NP1/PPP2PBP/R1BQK2R w KQkq - 2 7	e1g1,a2a4,h2h3,a2a3,c3d5,f3d2,a1b1,c1d2,d3d4,c1f4,f3h4,c1e3,d1e2,f3g1,c1g5,d1d2
rn2kb1r/pp1q1ppp/5n2/2pp4/3P4/7P/PPPNNPP1/R1BQK2R b KQkq - 1 8	f8d6,f8e7,c5c4,b8c6,b8a6,h7h6,b7b6,c5d4,a7a5,a7a6,h7h5,d7c7,d7c8,g7g6,d7d8,d7c6
rn1qkbnr/pp3pp1/2p1p1bp/8/3P3P/4B1N1/PPP2PP1/R2QKBNR w KQkq - 0 8	h4h5,g1f3,g1e2,g1h3,f1d3,d1d2,a2a3,c2c3,f1c4,c2c4,f1e2,g3e2,a2a4,f2f4,e3f4,a1c1
rn2kb1r/pp1q1ppp/5n2/2pp4/3P4/7P/PPPN1PP1/R1BQK1NR w KQkq - 0 8	g1e2,g1f3,d2f3,d4c5,b2b3,c2c3,d1e2,a2a3,a2a4,a1b1,d2b1,d1f3,d2b3,d2f1,e1f1,g2g3
rn1qkb1r/1b3ppp/p3pn2/1pp5/3P4/1BN1PN2/PP3PPP/R1BQ1RK1 w kq - 2 9	e3e4,f1e1,d1e2,d4c5,h2h3,a2a3,c1d2,d1e1,b3c2,g1h1,a1b1,d1d2,c3e2,h2h4,f3e5,f3g5
rnbqk2r/ppp2ppp/3b4/3p4/3Pn3/2P2N1P/PP3PP1/RNBQKB1R w KQkq - 1 8	f1d3,c3c4,f1e2,f1b5,a2a4,a2a3,b1d2,d1c2,d1b3,d1a4,c1d2,b2b3,b2b4,f3e5,d1d3,c1e3
r1b1kbnr/pp3ppp/4p3/3pP3/1n1P4/1P3N2/1P3PPP/RNBK1B1R b kq - 2 9	g8e7,a7a6,c8d7,h7h6,h7h5,b4c6,f8e7,g8h6,f7f6,e8d8,e8d7,g7g6,a7a5,b4a6,e8e7,b7b6
r1bq1rk1/pp1nbpp1/2p1pn1p/3p4/2PP4/5NP1/PPQNPPBP/R1BR2K1 b - - 3 9	b7b6,c6c5,a7a5,d8c7,a7a6,f8e8,f6h7,a8b8,d8e8,b7b5,d8a5,g8h8,f6e8,d7b8,e7d6,d7b6
rn1qkbnr/pp2ppp1/2p3bp/8/3P3P/5NN1/PPP2PP1/R1BQKB1R b KQkq - 1 7	b8d7,e7e6,g8f6,g6h7,d8d6,d8b6,d8c7,d8a5,f7f6,g6f5,h6h5,a7a6,d8d7,a7a5,b8a6,d8d5
rnbqk2r/ppp1bppp/4pn2/8/2Pp4/5NP1/PPQPPPBP/RNB1K2R w KQkq - 0 6	b2b4,a2a3,e2e3,d2d3,e1g1,f3e5,b2b3,c2a4,c2d1,h2h3,c4c5,b1a3,h2h4,f3h4,c2b3,a2a4
rnbqkb1r/pp1n1ppp/4p3/3pP3/3Q1P2/2N1B3/PPP3PP/R3KBNR b KQkq - 0 7	b8c6,f8c5,f8e7,d8a5,a7a6,g7g5,h7h6,f7f6,d8c7,d8h4,b7b6,d7c5,a7a5,g7g6,d7b6,h7h5
r1b1kbnr/pp3ppp/4p3/3pP3/1n1P4/1P3N2/1P3PPP/RNB1KB1R w KQkq - 1 9	b1a3,e1d1,f1b5,e1d2,e1e2,a1a5,a1a3,a1a4,c1e3,c1f4,a1a7,f3g5,b1c3,c1g5,c1d2,f1e2
r1bqkb1r/pp3ppp/5n2/3pn3/8/2PB4/PP2NPPP/RNBQ1RK1 b kq - 1 8	f8d6,c8d7,c8g4,f8c5,h7h6,f8e7,a7a6,e5d3,c8e6,e5c6,a7a5,e5g6,h7h5,b7b6,d8c7,d8d7
r1bqk2r/pp2npbp/2npp1p1/2p5/4P3/2NPB1P1/PPP1NPBP/R2QK2R w KQkq - 2 8	d3d4,e1g1,h2h4,a2a4,d1d2,a1b1,a2a3,d1c1,e3f4,h2h3,a1c1,e3g5,f2f4,d1b1,e3d2,f2f3
rnbq1rk1/p3bppp/1pp1pn2/3p4/2PP4/1P3NP1/P3PPBP/RNBQ1RK1 w - - 0 8	b1c3,c1b2,d1c2,b1d2,f3d2,e2e3,d1d3,f1e1,d1d2,h2h4,h2h3,f3e5,c1f4,f3e1,b1a3,a2a3
r1bq1rk1/ppp1bppp/2np1n2/4p3/P1B1P3/2NP1N2/1PP2PPP/R1BQ1RK1 b - - 2 7	c8e6,h7h6,c6b4,a7a5,a7a6,c8g4,a8b8,c6a5,c8d7,f8e8,b7b6,g8h8,d8e8,c6b8,f6e8,f6d7
rnbqkb1r/5ppp/p3pn2/1pp5/3P4/1BN1PN2/PP3PPP/R1BQ1RK1 b kq - 1 8	c8b7,f8e7,b8c6,b8d7,d8b6,f8d6,d8c7,c5c4,h7h5,c5d4,h7h6,b5b4,d8d7,a8a7,c8d7,g7g6
rnbqk2r/ppp3pp/4pn2/3p1p2/1b1P4/1PP2NP1/P3PPBP/RNBQK2R b KQkq - 0 6	b4d6,b4e7,b4f8,b4a5,a7a5,d8e7,b4c3,d8d6,c7c5,b8c6,b8a6,b4c5,a7a6,c8d7,f6e4,g7g6
r2qkbnr/pp1nppp1/2p3bp/8/3P3P/5NN1/PPP2PP1/R1BQKB1R w KQkq - 2 8	h4h5,f1d3,c1f4,a2a3,c2c4,c2c3,c1e3,a2a4,f1c4,d1d2,b2b3,f1e2,c1d2,a1b1,h1h3,h1g1
rnbqk2r/ppp1bppp/4pn2/3p4/2P5/5NP1/PPQPPPBP/RNB1K2R b KQkq - 4 5	d5d4,c7c5,e8g8,d5c4,a7a6,b8c6,c7c6,c8d7,b8a6,b7b6,h7h6,a7a5,b8d7,f6d7,d8d6,b7b5
rn1qkbnr/pp3ppp/2p1p1b1/8/3P3P/4B1N1/PPP2PP1/R2QKBNR b KQkq - 0 7	h7h6,h7h5,d8a5,g8e7,f7f6,g8f6,b8d7,d8e7,d8d5,f8d6,g6f5,f7f5,f8b4,b8a6,g8h6,f8e7
rnbqk2r/ppp2ppp/3b4/3p4/3Pn3/2PB1N1P/PP3PP1/RNBQK2R b KQkq - 2 8	e8g8,c8f5,b8c6,c7c6,b8a6,c8e6,h7h6,b8d7,f7f5,e4f6,b7b6,a7a6,c8d7,a7a5,d6e7,d8f6
r1bqk2r/pp2npbp/2npp1p1/2p5/3PP3/2N1B1P1/PPP1NPBP/R2QK2R b KQkq - 0 8	d8b6,c5d4,b7b6,d8a5,d6d5,d8c7,c8d7,e8g8,c6d4,g7d4,c5c4,c6a5,h7h5,h7h6,c6b4,a7a5
rnbq1rk1/p3bppp/1pp1pn2/3p4/2PP4/1PN2NP1/P3PPBP/R1BQ1RK1 b - - 1 8	b8d7,a7a5,c8b7,f8e8,c8a6,h7h6,e7b4,c6c5,f6e4,b8a6,a7a6,g8h8,d8c7,d8e8,f6e8,b6b5
r1bqk2r/pp3ppp/2nBpn2/2pp4/3P4/P1P1P3/1P1N1PPP/R2QKBNR b KQkq - 0 7	d8d6,c5d4,c6d4,f6e4,c5c4,a7a6,b7b6,h7h6,h7h5,c8d7,c6e7,d8b6,a7a5,c6a5,d8d7,g7g6
r2q1rk1/ppp1bppp/2np1n2/4p3/P1B1P1b1/2NP1N2/1PP2PPP/R1BQ1RK1 w - - 3 8	h2h3,c1e3,c3e2,a4a5,c3b1,g1h1,f1e1,c4a2,c1g5,c4b3,c1d2,c3b5,d1d2,a1b1,a1a2,d1e1
r1bqkb1r/pp1n1ppp/2n1p3/3pP3/3Q1P2/2N1B3/PPP3PP/R3KBNR w KQkq - 1 8	d4d2,d4d1,d4d3,d4a4,f4f5,g1f3,e1c1,a2a3,g1e2,h2h4,a1d1,e3f2,g1h3,f1d3,c3b5,c3e2
r1bqk2r/pp2npbp/2npp1p1/2p5/4PP2/2NP1NP1/PPP3BP/R1BQK2R w KQkq - 2 8	c1d2,h2h4,d1d2,c1e3,a2a4,e1g1,d1e2,a2a3,a1b1,f3h4,c3e2,h2h3,f3g5,g2h3,g3g4,f3d2
rnbqkb1r/1p3ppp/p2ppn2/8/4PP2/1NN5/PPP3PP/R1BQKB1R b KQkq - 0 7	b8c6,b8d7,b7b5,d8c7,f8e7,h7h6,h7h5,c8d7,f6d7,b7b6,d8d7,g7g6,d8b6,e6e5,d6d5,d8e7
r1bqk1nr/pp3pbp/2npp1p1/2p5/4PP2/2NP1NP1/PPP3BP/R1BQK2R b KQkq - 1 7	g8e7,a8b8,b7b6,c8d7,d6d5,d8c7,g8h6,a7a6,g8f6,f7f5,c6d4,h7h6,h7h5,a7a5,d8a5,d8b6
r1bqk2r/pp2ppbp/2np1np1/8/3NP3/2N1B3/PPP1BPPP/R2QK2R w KQkq - 4 8	f2f3,e1g1,d1d2,a2a4,h2h3,a2a3,a1b1,f2f4,d1d3,d4b3,a1c1,e2f3,d4f3,d4c6,h2h4,d4b5
rnbqk2r/pp2ppbp/3p1np1/8/3NP3/2N1B3/PPP1BPPP/R2QK2R b KQkq - 3 7	b8c6,e8g8,c8d7,a7a6,b8d7,h7h5,h7h6,b8a6,f6d7,d6d5,d8a5,d8d7,a7a5,h8g8,e8f8,g7f8
r1bqkb1r/pp3ppp/2np1n2/4p3/4P3/1NN2P2/PPP3PP/R1BQKB1R b KQkq - 1 7	c8e6,f8e7,a7a5,a7a6,d8c7,d8b6,h7h5,h7h6,a8b8,c8d7,g7g6,b7b6,c6b4,c6e7,c6b8,d8d7
r1bq1rk1/2p1bppp/p2p1n2/np2p3/4P3/1BNP1N2/PPP2PPP/R1BQR1K1 w - - 3 10	c3e2,h2h3,c1d2,c1g5,c1e3,a2a3,d1e2,b3d5,f3d2,d1d2,c3b1,e1f1,a1b1,g1f1,g1h1,f3g5
rnb1k2r/pp2nppp/4p3/q1ppP3/3P4/P1P5/2PB1PPP/1R1QKBNR b Kkq - 4 8	b7b6,h7h6,b8c6,c5c4,c8d7,a5a3,a5c7,a7a6,e8g8,b8d7,b8a6,e7f5,h7h5,e8f8,h8g8,a5d8
r1bqk2r/pp1n1ppp/2n1p3/2bpP3/5P2/2NB4/PPP3PP/R1BQK1NR w KQkq - 0 8	g1f3,d1e2,d1g4,d1f3,a2a3,c1d2,a1b1,d1h5,h2h4,b2b3,a2a4,c3b5,d1d2,g2g3,g1e2,d3e2
r1bqk2r/2p1bppp/p2p1n2/np2p3/4P3/1B3N2/PPPPQPPP/RNB1R1K1 w kq - 2 9	a2a4,d2d4,d2d3,h2h3,b1c3,c2c3,a2a3,e2d1,c2c4,b3d5,e2f1,e1d1,g1h1,f3h4,e1f1,b1a3
r1bq1rk1/pp2ppbp/3p1np1/n1pP4/2P5/2N2NP1/PP2PPBP/R1BQ1RK1 w - - 1 9	f3d2,d1d3,b2b3,e2e4,h2h3,f1e1,c1g5,d1c2,a1b1,d1d2,a2a4,e2e3,g1h1,d1e1,h2h4,a2a3
r1bq1rk1/ppp2pbp/3p1np1/3Pp3/2PnP3/P1N2N2/1P2BPPP/R1BQK2R w KQ - 1 9	f3d4,e1g1,c1e3,a3a4,c1g5,h2h3,a1a2,a1b1,c1d2,b2b4,e2d3,b2b3,f3d2,h2h4,f3g5,g2g3
r1bq1rk1/ppp2pbp/2np1np1/3Pp3/2P1P3/P1N2N2/1P2BPPP/R1BQK2R b KQ - 0 8	c6d4,c6e7,c6b8,f6h5,f6e4,f6d5,a7a5,f6d7,g8h8,f6e8,h7h6,d8e8,a8b8,a7a6,f6g4,d8e7
r1bqk2r/2p1bppp/p1np1n2/1p2p3/4P3/1B3N2/PPPPQPPP/RNB1R1K1 b kq - 1 8	c6a5,e8g8,c8b7,c8d7,a8b8,h7h6,c8e6,c8g4,g7g6,g7g5,f6d7,d8d7,c6d4,a8a7,c6a7,h7h5
r1bq1rk1/pp2ppbp/2np1np1/2pP4/2P5/2N2NP1/PP2PPBP/R1BQ1RK1 b - - 0 8	c6a5,c6d4,c6b8,c6e5,c6b4,a8b8,c8g4,d8c7,f6d5,a7a5,f6d7,f8e8,f6e8,h7h6,e7e6,e7e5
rnbqkb1r/5ppp/p2ppn2/1p6/4PP2/1NN5/PPP3PP/R1BQKB1R w KQkq - 0 8	e4e5,d1f3,a2a3,f1e2,f1d3,c1e3,d1d3,d1d4,d1e2,f4f5,a2a4,d1d2,b3d2,b3d4,h2h4,h2h3
rnbq1rk1/ppp1bppp/4pn2/3p4/2PP4/N4NP1/PP2PPBP/R1BQK2R b KQ - 0 6	b8c6,c7c5,e7a3,e7b4,b8d7,b7b6,c7c6,h7h6,f6e4,f8e8,c8d7,a7a5,f6d7,a7a6,b8a6,d8e8
r3kbnr/pp1b1ppp/1qn1p3/3pP3/3P4/5N1P/PP2BPP1/RNBQK2R b KQkq - 0 8	g8e7,g8h6,a7a6,a8c8,f8b4,h7h6,h7h5,a8b8,a7a5,c6a5,a8d8,b6d8,f7f6,f8e7,b6a5,b6b4
rnbqk2r/ppp1bppp/4pn2/3pN3/2P5/6P1/PP1PPPBP/RNBQK2R b KQkq - 4 5	e8g8,c7c5,b8d7,c7c6,d5d4,a7a5,d5c4,b8c6,f6d7,e7d6,h7h6,b8a6,h7h5,f6e4,d8d6,a7a6
rnbqk2r/pp2bppp/4pn2/2ppN3/2P5/6P1/PP1PPPBP/RNBQK2R w KQkq - 0 6	d2d3,e1g1,c4d5,d2d4,b2b3,e2e3,b1a3,f2f4,a2a4,h2h3,d1a4,a2a3,e5f3,d1c2,d1b3,b1c3
rnb1k2r/p3nppp/1p2p3/q1ppP3/3P4/P1P5/2PB1PPP/1R1QKBNR w Kkq - 0 9	f1b5,d1g4,f1e2,h2h4,d4c5,f1d3,a3a4,g1f3,g1e2,c3c4,f2f4,b1a1,h2h3,b1b5,d1c1,d1h5
r1bq1rk1/2p1bppp/p2p1n2/np2p3/4P3/1BNP1N2/PPPB1PPP/R2QR1K1 b - - 4 10	c8b7,a5b3,c7c5,h7h6,c7c6,b5b4,d8e8,d8d7,f8e8,g8h8,c8g4,c8d7,a8b8,a8a7,f6g4,f6d7
r1bqk2r/pp2bppp/2np1n2/4p3/4P3/1NN2P2/PPP3PP/R1BQKB1R w KQkq - 2 8	c1e3,c3d5,f1e2,f1c4,f1b5,a2a3,c1g5,f1d3,c1d2,a2a4,g2g3,d1d3,a1b1,c3b5,e1f2,d1d2
r1bq1rk1/pp2npbp/2np2p1/2p1p3/4P3/2NP2PP/PPP1NPB1/R1BQ1RK1 w - - 4 9	a1b1,f2f4,c1g5,a2a4,g1h2,c1d2,a2a3,c1e3,c3d5,g1h1,f2f3,f1e1,b2b3,d1d2,d1e1,c3a4
rnbqkb1r/1p2pppp/p2p1n2/8/4P3/1NN5/PPP2PPP/R1BQKB1R b KQkq - 1 6	b8c6,e7e6,b8d7,g7g6,e7e5,c8e6,h7h6,b7b5,d8c7,h7h5,c8d7,f6d7,b7b6,d8b6,d8d7,c8g4
r3kb1r/pp1b1ppp/1qn1p2n/3pP3/3P4/5N1P/PP2BPP1/RNBQK2R w KQkq - 1 9	b1c3,c1h6,e2d3,g2g4,b1a3,b2b3,b1d2,e1g1,c1e3,c1d2,d1b3,c1f4,e1f1,c1g5,a2a3,a2a4
r1bqk2r/pp1n1ppp/2n1p3/2bpP3/5P2/2NB4/PPP1Q1PP/R1B1K1NR b KQkq - 1 8	a7a6,c5g1,d8c7,b7b5,c6d4,h7h6,d8h4,f7f5,e8g8,c5e7,d8b6,a8b8,g7g6,b7b6,c5f8,c6b4
rn1qk2r/ppp2ppp/3b4/3p1b2/3Pn3/2PB1N1P/PP3PP1/RNBQK2R w KQkq - 3 9	e1g1,c1e3,c1g5,d1c2,a2a3,d3c2,a2a4,d1b3,d3e2,f3e5,f3g5,c1d2,d3b5,d1a4,d1e2,d3e4
r1bqk2r/1p2ppbp/p1np1np1/2pN4/P3P3/3PB1P1/1PP2PBP/R2QK1NR b KQkq - 1 8	a8b8,f6g4,e8g8,f6d7,h7h5,c8d7,a6a5,f6h5,f6g8,h7h6,f6d5,d8a5,c6a5,e7e5,e7e6,c6e5
r1bqk2r/p1p2ppp/2p2n2/3p4/1b2P3/2NB4/PPP2PPP/R1BQK2R w KQkq - 0 8	c1d2,e4d5,e1g1,c1g5,f2f3,d1e2,e4e5,a2a3,h2h3,c1f4,d1f3,d3e2,h2h4,a1b1,g2g3,e1f1
r2qkb1r/pp1npppp/2p2nb1/8/3P1B2/5NN1/PPP2PPP/R2QKB1R w KQkq - 7 8	h2h4,f1d3,a2a3,f1e2,f1c4,d1d2,a2a4,c2c3,c2c4,f4e3,f4g5,h2h3,d1c1,f4c1,f4d2,a1c1
rnbqkb1r/1p3ppp/p2ppn2/8/4P3/1NN5/PPP2PPP/R1BQKB1R w KQkq - 0 7	g2g4,f2f4,a2a3,a2a4,f1e2,c1e3,c1f4,d1f3,f1d3,d1e2,f2f3,h2h4,c1d2,h2h3,c1g5,g2g3
r1bqk2r/p1pp1ppp/2p2n2/8/1b2P3/2NB4/PPP2PPP/R1BQK2R b KQkq - 1 7	e8g8,d7d5,d7d6,d8e7,b4c3,a7a5,a8b8,h7h5,g7g6,b4d6,b4e7,b4c5,e8f8,b4a5,f6g8,b4f8
r1bqkbnr/pp3ppp/2n5/2pp4/3P4/P4N2/1PPN1PPP/R1BQKB1R b KQkq - 2 6	c5c4,g8f6,c5d4,a7a6,a7a5,c8f5,c8d7,c8g4,c8e6,g7g5,f8e7,c6d4,f8d6,h7h6,d8c7,d8b6
r1bqk2r/pp2npbp/2np2p1/2p1p3/4P3/2NP2PP/PPP1NPB1/R1BQ1RK1 b kq - 3 8	e8g8,c8d7,a8b8,f7f5,c8e6,c6d4,a7a5,a7a6,h7h6,d8c7,h7h5,d8d7,d8b6,f7f6,e7g8,g7f8
r1bqkb1r/pp3ppp/2n2n2/3pp3/3P4/2PB4/PP2NPPP/RNBQK2R w KQkq - 0 7	d4e5,d3c2,e1g1,b1d2,h2h3,c1g5,f2f3,d3b5,a2a3,a2a4,c1d2,e2g3,b1a3,c1e3,b2b3,d1a4
r1bqkb1r/1p3ppp/p1nppn2/1N6/2P1P3/2N5/PP3PPP/R1BQKB1R w KQkq - 0 8	b5a3,b5d4,d1a4,e4e5,g2g4,g2g3,c1e3,f2f4,f1e2,c1g5,f1d3,h2h4,h2h3,a2a3,f2f3,c1d2
r1bqkbnr/pp3ppp/2n5/3p4/2pP4/P4N2/1PPN1PPP/R1BQKB1R w KQkq - 0 7	b2b3,f1e2,c2c3,d2b1,h2h3,g2g3,a3a4,a1b1,d1e2,a1a2,h2h4,b2b4,f3e5,d2c4,h1g1,f3g1
r1bqkb1r/pp2pppp/2n2n2/3p4/3P4/2PB4/PP2NPPP/RNBQK2R b KQkq - 2 6	e7e5,c8d7,a7a6,g7g6,e7e6,c8g4,d8b6,a7a5,h7h6,d8c7,f6h5,d8d7,f6d7,c8e6,b7b6,d8a5
r1bqkb1r/pp3ppp/2nppn2/1N6/2P1P3/2N5/PP3PPP/R1BQKB1R b KQkq - 2 7	a7a6,f8e7,a8b8,h7h6,h7h5,c6e5,d8a5,h8g8,c6b4,b7b6,d8d7,e6e5,g7g6,c6b8,a7a5,d8b6
rn1qkb1r/pp2pppp/2p2nb1/8/3P1B2/5NN1/PPP2PPP/R2QKB1R b KQkq - 6 7	b8d7,d8b6,e7e6,f6d5,d8a5,h7h6,f6h5,a7a6,f6g4,a7a5,h8g8,d8d5,b8a6,g6h5,d8c8,f6d7
r1bqk2r/1p2ppbp/p1np2p1/2pN4/P3P1n1/3PB1P1/1PP2PBP/R2QK1NR w KQkq - 2 9	e3c1,c2c3,e3f4,e3g5,a1b1,e3d2,d1c1,d1d2,d1e2,g1e2,g1f3,d1b1,h2h4,d5c3,g2h3,g1h3
rnbqk2r/ppp2ppp/3b4/6N1/3Pp3/8/PPP2PPP/R1BQKB1R b KQkq - 1 8	e8g8,d8e7,c8f5,d8d7,h7h6,d8f6,b8d7,d6e7,f7f5,f7f6,e4e3,b8c6,h8f8,d6b4,g7g6,c7c6
r1bqkbnr/pp1p1ppp/2n1p3/8/3NP3/P7/1PP2PPP/RNBQKB1R b KQkq - 0 5	f8c5,g8f6,f8e7,a7a6,d8c7,d7d6,e6e5,g8e7,h7h5,d7d5,h7h6,a8b8,d8b6,d8a5,c6d4,b7b6
r2qkb1r/1p3ppp/p1npbn2/4p1B1/4P3/N1N2P2/PPP3PP/R2QKB1R b KQkq - 3 9	f8e7,b7b5,c6e7,c6b4,a8b8,d6d5,a8c8,h7h5,h7h6,d8c7,c6d4,g7g6,d8b6,b7b6,h8g8,d8a5
r2qk2r/1p2bppp/p1npbn2/4p1B1/4P3/N1N2P2/PPP3PP/R2QKB1R w KQkq - 4 10	a3c4,g5f6,g5e3,f1c4,a1b1,g5c1,h2h4,g2g3,a3b1,d1d3,d1e2,d1d2,f1e2,a1c1,g5h4,d1c1
r1bqk2r/2p1bppp/p2p1n2/np2p3/4P3/1B3N1P/PPPP1PP1/RNBQR1K1 w kq - 1 9	d2d3,b1c3,c2c3,d2d4,a2a3,a2a4,c2c4,d1e2,f3h2,b3d5,b1a3,g1h1,g1h2,g1f1,e1e2,f3g5
r1bqk1nr/pp1p1ppp/2n1p3/2b5/3NP3/P7/1PP2PPP/RNBQKB1R w KQkq - 1 6	c1e3,d4b3,d4c6,d4f3,d4b5,c2c3,d4e2,d4e6,b1d2,b1c3,d4f5,f1b5,a3a4,g2g3,f1e2,f1d3
rnbq1rk1/pp2ppbp/6p1/2p5/3PP3/2P5/P3BPPP/1RBQK1NR w K - 0 9	g1f3,c1e3,e4e5,h2h4,e2c4,c1b2,d4c5,d4d5,a2a4,d1c2,c1f4,h2h3,e2b5,c1g5,a2a3,c1d2
rnbqk2r/ppp2ppp/3b4/8/3Pp3/5N2/PPP2PPP/R1BQKB1R w KQkq - 0 8	f3g5,f3e5,f3d2,d1e2,f3g1,c1g5,c1d2,h2h4,c1e3,c2c3,h2h3,a2a3,f1c4,a2a4,f1b5,f1e2
rn1qkb1r/1p3ppp/p2pbn2/4p3/4P3/1NN1B3/PPPQ1PPP/R3KB1R b KQkq - 3 8	b8d7,f8e7,h7h5,h7h6,d8c7,b8c6,d8c8,b7b5,g7g6,f6g4,b7b6,d8e7,d8d7,e6d7,e6c8,e6g4
r1bqkb1r/pp2pppp/2n2n2/3p4/3P4/2PB3P/PP3PP1/RNBQK1NR b KQkq - 0 6	e7e5,g7g6,d8c7,e7e6,f6e4,a7a6,b7b6,h7h6,d8b6,c8e6,c8d7,f6d7,f6g8,d8d7,d8d6,d8a5
rnbqk2r/pp2ppbp/3p1np1/8/3NP3/2N1B2P/PPP2PP1/R2QKB1R b KQkq - 2 7	e8g8,b8c6,a7a6,b8d7,c8d7,b7b6,h7h5,d8c7,h7h6,f6d7,b8a6,d8d7,e7e6,d8a5,a7a5,g7f8
rnbq1rk1/pp2ppbp/3p1np1/8/3NP3/2N1B2P/PPP2PP1/R2QKB1R w KQ - 3 8	f1e2,d1d2,g2g4,f1c4,f1b5,a2a4,f1d3,d1e2,d4b3,a2a3,d1d3,f2f3,d1c1,d4f3,g2g3,d1f3
r1bq1rk1/pp2ppbp/2n2np1/2pp4/2PP4/2N1PNP1/PP3PBP/R1BQK2R w KQ - 0 8	c4d5,c3d5,e1g1,d1a4,d1b3,d4c5,d1e2,f3e5,h2h3,b2b3,c3e2,d1d2,h2h4,c3a4,c1d2,a2a4
r1bqk2r/2p1bppp/p1np1n2/1p2p3/4P3/1B3N1P/PPPP1PP1/RNBQR1K1 b kq - 0 8	c6a5,e8g8,c8e6,c8b7,c8d7,h7h6,a6a5,d8d7,c6d4,f6d7,c6b8,a8b8,c6a7,b5b4,c6b4,a8a7
r1bqkb1r/pp3ppp/2n1pn2/2pp4/3P1B2/2PBP3/PP1N1PPP/R2QK1NR b KQkq - 1 6	f8d6,f8e7,a7a5,g7g6,h7h6,c5d4,b7b6,c8d7,a7a6,d8b6,c5c4,d8e7,d8d7,f6d7,d8a5,c6e7
rnbqk2r/1p2bppp/p2p1n2/4p3/4P3/1NN5/PPP1BPPP/R1BQK2R w KQkq - 2 8	d1d3,c1e3,e1g1,g2g4,f2f3,a2a4,e2f3,f2f4,c1g5,h2h3,h1g1,a2a3,h2h4,b3d2,c1d2,e2d3
r1bqk2r/pp2ppbp/2n2np1/2pp4/2PP4/2N2NPP/PP2PPB1/R1BQK2R b KQkq - 0 7	d5c4,e8g8,c5d4,c8e6,c8f5,c6a5,h7h5,f6e4,h7h6,d8b6,c6d4,e7e6,a7a6,f6d7,d8a5,a7a5
rnbqkb1r/1p3ppp/p2p1n2/4p3/4P3/1NN5/PPP1BPPP/R1BQK2R b KQkq - 1 7	f8e7,c8e6,b8c6,h7h6,d8c7,c8d7,b7b5,b8d7,h7h5,g7g6,a6a5,b7b6,d8b6,d8d7,d8e7,f6d7
r1bqkb1r/pp2pppp/2n2n2/3p4/3P4/2PB4/PP1N1PPP/R1BQK1NR b KQkq - 2 6	c8g4,d8c7,g7g6,a7a6,e7e5,d8b6,e7e6,d8d6,d8a5,a7a5,c8d7,c8e6,h7h6,f6d7,a8b8,h7h5
rn1q1rk1/pbppbppp/1p2pn2/8/2PP4/P4NP1/1P2PPBP/RNBQ1RK1 b - - 2 7	d7d6,f8e8,c7c5,a7a5,c7c6,d8c8,d7d5,f6e4,d8e8,b8a6,h7h6,g8h8,a7a6,b7c6,h7h5,g7g6
r1bqkb1r/ppp2ppp/2n2n2/3p4/3NP3/2N2P2/PPP3PP/R1BQKB1R b KQkq - 1 6	f8b4,d5e4,f8c5,f8d6,c6d4,a7a6,f8e7,d8d7,d8e7,a8b8,c6e5,c8d7,h7h6,a7a5,c6a5,c6b8
r2qkb1r/pp2pppp/2n2n2/3p4/3P2b1/2PB4/PP1N1PPP/R1BQK1NR w KQkq - 3 7	g1e2,g1f3,d1c2,d3e2,f2f3,d1a4,d2f3,d1b3,d1g4,d1f3,d1e2,d2c4,d3c2,f2f4,d3f5,d3b5
rnbqkb1r/ppp2ppp/8/3p4/3Pn3/4BN2/PPP2PPP/RN1QKB1R b KQkq - 1 6	f8d6,c8f5,f8b4,b8c6,f8e7,b8d7,g7g6,c7c6,c8e6,h7h6,d8f6,c8g4,e4f6,f7f5,a7a5,a7a6
r1bqk2r/pp1pppbp/2n2np1/2p5/2P5/2N2NP1/PP1PPPBP/R1BQ1RK1 b kq - 5 6	d7d6,e8g8,h7h5,d7d5,f6g4,e7e5,d8b6,a8b8,d8a5,f6h5,e7e6,c6d4,a7a5,b7b6,h7h6,d8c7
rnbqk2r/ppp1bppp/8/3p4/3Pn3/4BN2/PPP2PPP/RN1QKB1R w KQkq - 2 7	f1d3,c2c4,f1b5,f1e2,c2c3,h2h3,a2a3,f3d2,d1c1,f3e5,g2g3,b1d2,a2a4,b1c3,e3f4,d1d3
rnbq1rk1/ppp1ppbp/6p1/8/3PP3/2P5/P3BPPP/1RBQK1NR b K - 4 8	e7e5,c7c5,b7b6,b8d7,a7a6,f8e8,d8d6,h7h6,c7c6,b8c6,e7e6,d8d7,c8e6,d8e8,b8a6,b7b5
r1bqk2r/pp3ppp/2nbpn2/2pp4/3P1B2/2PBP3/PP1N1PPP/R2QK1NR w KQkq - 2 7	d4c5,f4d6,f4g3,g1e2,d2f3,f4g5,g1f3,g2g3,d1f3,g1h3,d1a4,d3b5,a1b1,a2a3,a1c1,a2a4
rnbqk2r/pp2bppp/3pp3/3nP3/2BP4/5N2/PP3PPP/RNBQK2R w KQkq - 1 8	e1g1,d1e2,h2h3,e5d6,a2a3,c1d2,d1c2,c4b3,b1c3,d1d3,h2h4,b1d2,b1a3,c4d5,b2b3,a2a4
r1bq1rk1/pp1pppbp/2n2np1/2p5/2PP4/2N1PNP1/PP3PBP/R1BQK2R b KQ - 0 7	d7d5,a8b8,d7d6,c5d4,e7e6,a7a6,f8e8,c6a5,h7h6,h7h5,b7b6,d8c7,f6e8,c6b8,c6b4,f6h5
r1bqk2r/pppp1ppp/2n2n2/1Bb5/3NP3/2P5/PP3PPP/RNBQ1RK1 b kq - 2 7	e8g8,a7a6,c5e7,c6e5,f6g8,c5b6,h7h6,h7h5,c6e7,c5d4,e8f8,a8b8,a7a5,g7g6,c6d4,c5f8
r1bqkb1r/pp3ppp/2n2n2/3pp3/3P4/2PB3P/PP3PP1/RNBQK1NR w KQkq - 0 7	d4e5,d3c2,g1e2,c1e3,a2a4,b1d2,d3b5,c1g5,b2b3,a2a3,c1d2,b1a3,d3e2,d1d2,d1a4,d1e2
rnbqk2r/pp2bppp/3pp3/3nP3/2BP4/5N2/PP3PPP/RNBQ1RK1 b kq - 2 8	e8g8,d6e5,b8c6,a7a6,b7b6,a7a5,d5b6,d8b6,c8d7,h7h6,b8d7,b8a6,d5b4,d8c7,d8d7,d8a5
rn1q1rk1/pbp1bppp/1p1ppn2/8/2PP4/P4NP1/1P2PPBP/RNBQ1RK1 w - - 0 8	b1c3,b2b4,h2h4,d1b3,d1d3,b2b3,f1e1,a1a2,d4d5,c1f4,e2e3,c1g5,d1c2,a3a4,c1e3,h2h3
r1bqkb1r/ppp2ppp/2n2n2/3p4/3NP3/5P2/PPP3PP/RNBQKB1R w KQkq - 0 6	b1c3,f1b5,e4d5,f1e2,d4c6,c1e3,c1g5,c1f4,d4b3,a2a4,c2c3,a2a3,d4b5,d1d2,b1a3,g2g3
r1bqk2r/pp2ppbp/2np1np1/2p5/2P5/2N2NP1/PP1PPPBP/R1BQ1RK1 w kq - 0 7	d2d4,d2d3,a2a3,a1b1,b2b3,h2h3,e2e3,f1e1,d1c2,a2a4,h2h4,f3g5,d1e1,f3h4,g1h1,d1a4
rn1qk2r/1p2bppp/p2pbn2/4p3/4P3/1NN1B3/PPPQ1PPP/R3KB1R w KQkq - 4 9	f2f3,f2f4,e1c1,h2h4,h2h3,f1e2,a2a3,d2d3,c3d5,a1d1,g2g3,f1d3,a2a4,d2d1,a1b1,e3g5
r1bq1rk1/pp1pppbp/2n2np1/2p5/P1P5/2NP1NP1/1P2PPBP/R1BQK2R b KQ - 0 7	d7d5,d7d6,h7h6,a8b8,c6a5,f8e8,e7e6,f6e8,a7a6,c6b4,d8c7,a7a5,b7b6,f6h5,d8b6,d8a5
r1bq1rk1/pp2ppbp/2n2np1/2pp4/P1P5/2NP1NP1/1P2PPBP/R1BQK2R w KQ - 0 8	c3d5,c4d5,f3d2,a4a5,e1g1,c1d2,d1b3,a1a3,c1f4,c1g5,h2h3,h2h4,f3g5,d1c2,d1d2,d3d4
r1bqkb1r/pp2pppp/2n2n2/3p2B1/3P4/2PB4/PP3PPP/RN1QK1NR b KQkq - 2 6	c8g4,h7h6,d8c7,d8b6,a7a6,c8d7,e7e5,g7g6,f6e4,d8d6,e7e6,d8d7,f6d7,a7a5,d8a5,c8e6
rnbqk2r/pp2ppbp/6p1/2p5/3PP3/2P1B3/P4PPP/R2QKBNR w KQkq - 0 8	g1f3,d1d2,h2h3,a1c1,f1c4,a1b1,f1b5,f1e2,f1d3,d1a4,a2a4,d1c2,g1e2,h2h4,f2f4,d1d3
r1bq1rk1/2p1bppp/p1np1n2/1p2p3/4P3/PB3N2/1PPP1PPP/RNBQR1K1 w - - 1 9	c2c3,d2d3,h2h3,b1c3,b3a2,d1e2,a3a4,g1f1,c2c4,g1h1,e1f1,b3d5,e1e3,a1a2,g2g3,d2d4
rnbq1rk1/ppp2ppp/5n2/3p4/1b1P4/2NBP3/PP3PPP/R1BQK1NR w KQ - 0 7	g1e2,a2a3,h2h3,g1f3,c1d2,d3c2,a1b1,d1c2,d3b1,f2f3,d1b3,d1d2,a2a4,d1a4,d3b5,e1f1
rn1qkb1r/pp1bpp1p/3p1np1/8/3NP3/2N5/PPP1BPPP/R1BQK2R b KQkq - 3 7	f8g7,b8c6,a7a6,h7h5,d8c8,h7h6,b8a6,d8b6,e7e6,a7a5,d8c7,b7b6,d7c6,d7c8,d8a5,h8g8
r1bqk2r/2p1bppp/p1np1n2/1p2p3/4P3/PB3N2/1PPP1PPP/RNBQR1K1 b kq - 0 8	c6a5,e8g8,c8e6,h7h6,c8g4,c8b7,c6d4,c8d7,a8b8,c6a7,f6d7,c6b8,d8d7,a6a5,a8a7,f6g4
r1bq1rk1/2p1bppp/p1np1n2/3Np3/Pp2P3/1B3N2/1PPP1PPP/R1BQR1K1 b - - 1 10	c6a5,c8g4,a8b8,c8d7,f6d5,h7h6,a6a5,c8e6,c8b7,f8e8,d8d7,g8h8,a8a7,f6g4,c6d4,f6d7
r1bq1rk1/2p1bppp/p2p1n2/n2Np3/Pp2P3/1B3N2/1PPP1PPP/R1BQR1K1 w - - 2 11	b3a2,d5e7,d2d4,d5f6,c2c3,d5b4,d2d3,h2h3,e1e3,d1e2,d5e3,c2c4,e1f1,a1b1,g1h1,g1f1
rnbqr1k1/ppp2pbp/3p1np1/8/2PNP3/2N1B3/PP2BPPP/R2QK2R w KQ - 1 9	d1c2,f2f3,d1d3,e1g1,d1d2,e2f3,h2h3,a1c1,d1b1,e4e5,a2a3,a1b1,e2d3,e3g5,b2b3,a2a4
rnbqk2r/ppp1ppbp/6p1/8/3PP3/2P1B3/P4PPP/R2QKBNR b KQkq - 2 7	c7c5,e8g8,e7e5,b8d7,c7c6,c8d7,a7a6,b7b6,d8d6,h7h6,b8c6,a7a5,c8e6,e7e6,h7h5,b8a6
r1bq1rk1/4bppp/p2p1n2/npp1p3/4P3/1B1P1N1P/PPPN1PP1/R1BQR1K1 w - - 0 11	c2c3,d2f1,d1e2,c2c4,a2a4,f3h2,a2a3,g1h2,a1b1,g1h1,d2b1,e1e2,g1f1,f3g5,e1f1,e1e3
rnbq1rk1/ppp2pbp/3p1np1/8/2PNP3/2N1B3/PP2BPPP/R2QK2R b KQ - 0 8	c7c6,f8e8,b8c6,a7a6,h7h5,b8d7,c8d7,d8e7,b8a6,f6d7,d8e8,a7a5,c7c5,g7h8,f6e8,b7b6
r1bqk2r/pp3ppp/2nbpn2/1Bpp4/3P1B2/2P1P2N/PP1N1PPP/R2QK2R b KQkq - 3 7	e8g8,c5d4,h7h6,a7a5,d8e7,a7a6,d6f4,d6c7,c5c4,d8d7,d6b8,d6e7,d6f8,a8b8,g7g6,d8c7
rnbq1rk1/ppp2ppp/5n2/3p4/1b1P4/2NBPN2/PP3PPP/R1BQK2R b KQ - 1 7	b4d6,f8e8,h7h6,c8g4,b8d7,c7c6,a7a6,b4e7,a7a5,d8e7,c7c5,b7b6,b8c6,b8a6,c8e6,b4a5
r1bqkb1r/pp1p1ppp/2n1pn2/8/3NP3/2NQ4/PPP2PPP/R1B1KB1R b KQkq - 4 6	d8c7,d7d5,f8c5,f8b4,d8b6,f8e7,d7d6,d8a5,h7h6,c6d4,h7h5,a7a6,a8b8,f6g4,e6e5,c6b4
r2qkb1r/pp1bpp1p/2np1np1/8/3NP3/2N5/PPP1BPPP/R1BQK2R w KQkq - 4 8	c1e3,e1g1,a2a4,h2h3,h2h4,d4f3,d4b3,d4c6,f2f3,c1g5,a2a3,a1b1,e2f3,d1d3,f2f4,g2g3
r1bqk2r/pp3ppp/2nbpn2/2pp4/3P1B2/2P1P2P/PP1N1PP1/R2QKBNR w KQkq - 1 7	f4d6,d4c5,g1e2,d1f3,g2g3,d2b3,f4h2,f4g5,d2f3,d1a4,f1b5,g1f3,f1d3,a1c1,a1b1,f1e2
r1b1kb1r/pp2pppp/1qn2n2/3p2B1/3P4/2PB4/PP3PPP/RN1QK1NR w KQkq - 3 7	d1b3,b1a3,g1e2,b1d2,g5f6,d1e2,b2b4,d1d2,g5c1,d1c2,h2h4,g1f3,b2b3,d1c1,g5f4,a2a4
r1bq1rk1/ppp1bppp/2np1n2/4p3/2B1P3/2PP1N2/PP3PPP/RNBQ1RK1 w - - 1 7	a2a4,c4b3,c4b5,b1d2,h2h3,a2a3,f1e1,b2b4,c1e3,b1a3,d1e2,c1g5,g1h1,d1e1,d1c2,c1d2
r1b1kb1r/ppqp1ppp/2n1pn2/8/3NP3/2NQ4/PPP2PPP/R1B1KB1R w KQkq - 5 7	f1e2,d4b5,d4c6,c1g5,c3b5,c1e3,d4b3,c1d2,a2a3,a2a4,f2f4,g2g3,a1b1,h2h3,d3e3,d3d2
rnbq1rk1/ppp1bppp/4pn2/3pN3/2P5/6P1/PP1PPPBP/RNBQ1RK1 b - - 6 6	c7c5,c7c6,b8d7,f6d7,d5d4,e7d6,h7h6,b8c6,a7a5,f8e8,d5c4,b8a6,f6e4,d8d6,f6e8,a7a6
r1bqk2r/ppp1bppp/2np1n2/4p3/2B1P3/2PP1N2/PP3PPP/RNBQ1RK1 b kq - 0 6	e8g8,c8e6,c6a5,h7h6,a7a6,a7a5,c8d7,a8b8,c8g4,f6d7,c6b8,b7b6,d8d7,d6d5,f6g4,h7h5
r1bqk2r/pp3ppp/2nBpn2/2pp4/3P4/2P1P2N/PP1N1PPP/R2QKB1R b KQkq - 0 7	d8d6,c5d4,f6e4,c6d4,c5c4,c8d7,b7b6,c6e7,d8b6,h7h5,a7a6,a7a5,c6a5,d8d7,h7h6,g7g6
r1bqk2r/2p1bppp/p2p1n2/np2p3/4P3/1BNP1N2/PPP2PPP/R1BQR1K1 b kq - 2 9	e8g8,a5b3,c8d7,h7h6,c7c6,c7c5,a8b8,c8b7,c8g4,a8a7,f6d7,c8e6,h7h5,d8d7,f6g4,e8f8
1rbqk1nr/pp2ppbp/2np2p1/2p5/4P3/2NP1NP1/PPP2PBP/R1BQK2R w KQk - 2 7	a2a4,e1g1,a2a3,c1e3,h2h3,h2h4,c1f4,a1b1,c3e2,c1g5,f3h4,c3d5,c3b5,c1d2,d1e2,f3g5
r1bqk1nr/pp2ppbp/2np2p1/2p5/4P3/2NP1NP1/PPP2PBP/R1BQK2R b KQkq - 1 6	g8f6,a8b8,e7e5,a7a6,c8d7,h7h6,b7b6,c8g4,e7e6,c8e6,d8c7,g8h6,d8d7,d8a5,c6b4,c6a5
rnbq1rk1/pp3ppp/4pn2/b1p5/2BP4/P1N1P2P/1P2NPP1/R1BQK2R b KQ - 2 9	b8c6,c5d4,b7b6,d8c7,d8e7,a5b6,d8d6,a7a6,a5c7,b8d7,a5c3,f6e4,d8d7,b8a6,f6d5,h7h6
r1bq1rk1/pp2ppbp/2np1np1/8/3NP3/2N1B3/PPPQBPPP/R3K2R w KQ - 6 9	e1c1,h2h4,d4b3,h2h3,a1d1,f2f3,e1g1,f2f4,a2a4,d4c6,a1c1,a2a3,b2b3,d4b5,a1b1,e2f3
rnbq1rk1/pp3ppp/4pn2/b1p5/2BP4/P1N1P2P/1P3PP1/R1BQK1NR w KQ - 1 9	g1e2,c4d3,g1f3,d1d3,c4e2,c4b3,d1e2,c4a2,c4b5,c1d2,d1d2,a1b1,a3a4,d4c5,d1b3,b2b4
r1bqk2r/pp3ppp/2nbpn2/2pp4/3P1B2/2P1P2N/PP1N1PPP/R2QKB1R w KQkq - 2 7	f4d6,f1b5,f1e2,f4g3,d2f3,a2a3,a2a4,f1d3,a1b1,d1c2,d2b3,a1c1,d1a4,g2g3,d1b3,d4c5
r1bqk2r/pp2ppbp/2np1np1/8/3NP3/2N1B3/PPPQBPPP/R3K2R b KQkq - 5 8	f6g4,e8g8,c6d4,a8b8,a7a6,c8e6,c8d7,h7h5,d8a5,d8c7,d6d5,f6d7,h7h6,c8g4,d8d7,a7a5
rnbqk2r/1p2bppp/p2ppn2/8/4PPP1/1NN5/PPP4P/R1BQKB1R b KQkq - 0 8	d6d5,h7h6,b8c6,b7b5,f6d7,e8g8,d8c7,b7b6,g7g5,d8b6,f6g8,e6e5,h7h5,g7g6,a6a5,e7f8
r1bqkb1r/pp3ppp/2n1pn2/2pp4/3P1B2/2P1P2P/PP1N1PP1/R2QKBNR b KQkq - 0 6	f8d6,h7h6,c5d4,c5c4,f8e7,a7a5,a7a6,b7b6,c8d7,d8d7,d8b6,g7g6,f6e4,f6g8,c6b8,h7h5
r2qk2r/pp2bppp/2npbn2/3Np3/4P3/1N3P2/PPP3PP/R1BQKB1R w KQkq - 4 9	c2c3,c1e3,f1e2,f1c4,c2c4,g2g3,a2a3,f1b5,d1d3,d1d2,d5e7,e1f2,a1b1,a2a4,d5f6,g2g4
rnbqk2r/1p2bppp/p3pn2/3p4/4PPP1/1NN5/PPP4P/R1BQKB1R w KQkq - 0 9	e4e5,f1g2,c1e3,g4g5,h2h4,e4d5,f1e2,h1g1,f1h3,f1d3,h2h3,d1e2,a2a3,e1f2,d1d2,a1b1
r1bqkb1r/pp3ppp/2np1n2/4p3/4P3/N1N5/PPP2PPP/R1BQKB1R b KQkq - 1 7	f8e7,c8g4,c8e6,h7h6,a8b8,a7a6,c6d4,g7g6,h7h5,c8d7,d6d5,d8d7,f6g4,c6a5,c6b4,h8g8
rnbq1rk1/pp2bppp/4pn2/2ppN3/2P5/6P1/PP1PPPBP/RNBQ1RK1 w - - 0 7	d2d3,e2e3,d2d4,b2b3,c4d5,b1a3,f2f4,a2a4,f1e1,b1c3,e5f3,h2h4,d1c2,g1h1,f2f3,e5d3
r2qkb1r/pp3ppp/2npbn2/3Np3/4P3/1N3P2/PPP3PP/R1BQKB1R b KQkq - 3 8	f8e7,c6e7,e6d5,e6d7,a7a6,a8c8,e6c8,h7h5,g7g6,d8d7,c6b8,h7h6,d8c8,a8b8,d8b8,f6d7
r1bqkb1r/1p3ppp/p1np1n2/1N2p3/4P3/2N2P2/PPP3PP/R1BQKB1R w KQkq - 0 8	b5a3,c1e3,a2a3,f1d3,f1e2,c1g5,f1c4,c1d2,a2a4,g2g4,c3d5,b2b3,h2h3,f3f4,a1b1,c3a4
r1bqk1nr/pp3pbp/2npp1p1/2p5/P3P3/2NP2P1/1PP2PBP/R1BQK1NR w KQkq - 0 7	c1e3,g1e2,g1f3,f2f4,h2h4,c1d2,d1d2,a1b1,c1f4,h2h3,c3e2,d1e2,f2f3,g1h3,a1a3,c3b5
r1bqkbnr/pp1p1ppp/2n1p3/8/3NP3/6P1/PPP2P1P/RNBQKB1R b KQkq - 0 5	d7d5,f8c5,h7h5,g8e7,d8a5,f8b4,g8f6,d8b6,e6e5,a7a6,h7h6,d7d6,f8e7,c6d4,b7b6,a8b8
r1bqk1nr/pp3pbp/2npp1p1/2p5/4PP2/2NP2P1/PPP3BP/R1BQK1NR w KQkq - 0 7	g1f3,c1d2,c1e3,a2a4,c3e2,a1b1,d1e2,d1d2,h2h3,a2a3,g1h3,g1e2,c3b5,g2h3,d1f3,g2f1
r1bqkb1r/pp3ppp/2np1n2/1N2p3/4P3/2N2P2/PPP3PP/R1BQKB1R b KQkq - 0 7	a7a6,f8e7,a8b8,h7h6,h7h5,c6a5,c6b4,c8e6,c6b8,b7b6,e8d7,h8g8,d8e7,e8e7,d8d7,a7a5
rnbq1rk1/ppp2ppp/4pn2/3p4/1bPP4/2NBPN2/PP3PPP/R1BQK2R b KQ - 1 6	c7c5,b7b6,d5c4,a7a6,b8d7,h7h6,f8e8,b8c6,d8e7,a7a5,b4e7,c8d7,b4d6,c7c6,b4c3,b4a5
r1bqkbnr/pp1p1ppp/2n1p3/1N6/4P3/8/PPP2PPP/RNBQKB1R b KQkq - 2 5	d7d6,g8f6,f8b4,a7a6,f8c5,f8e7,d8a5,d7d5,h7h6,b7b6,h7h5,e6e5,f7f5,a8b8,c6e5,f7f6
r1bqk2r/ppp1bppp/2np1n2/4p3/P1B1P3/2NP1N2/1PP2PPP/R1BQK2R b KQkq - 0 6	c8g4,e8g8,c6b4,h7h6,a7a5,c6a5,a7a6,a8b8,c8d7,c8e6,b7b6,f6g4,c6b8,d8d7,f6g8,c6d4
rnbqk2r/ppp2ppp/8/3p4/1b1Pn3/2P2N1P/PP3PP1/RNBQKB1R b KQkq - 0 7	b4d6,b4e7,b4a5,d8e7,b4f8,b8c6,e4f2,a7a5,e8g8,d8d6,c8f5,h7h6,a7a6,c8d7,c8h3,c7c6
r1bqk2r/2p1bppp/p2p1n2/np2p3/4P3/1B1P1N2/PPPN1PPP/R1BQR1K1 b kq - 2 9	e8g8,a5b3,c7c5,c8b7,c7c6,c8d7,h7h6,a8b8,c8g4,d8d7,a8a7,f6d7,h7h5,g7g6,f6g4,c8e6
r1bqk1nr/pp2ppbp/2np2p1/2p5/P3P3/2NP2P1/1PP2PBP/R1BQK1NR b KQkq - 0 6	e7e5,g8f6,e7e6,b7b6,h7h6,d8d7,a8b8,c8d7,a7a6,c6b4,g8h6,h7h5,d8a5,d8c7,f7f6,c8e6
r2qkb1r/pp3ppp/2np1n2/4p3/4P1b1/N1N5/PPP2PPP/R1BQKB1R w KQkq - 2 8	f2f3,d1d3,d1d2,f1e2,c3e2,c1g5,d1g4,d1d5,f1a6,c1d2,c1e3,d1e2,f1d3,a3c4,c3d5,f1c4
r1bqkbnr/pp3ppp/2npp3/1N6/4P3/8/PPP2PPP/RNBQKB1R w KQkq - 0 6	c2c4,c1f4,g2g3,c2c3,b1c3,b5d4,d1d3,h2h3,f1e2,c1e3,a2a4,b5c3,f1c4,f1d3,a2a3,b1d2
r1b2rk1/pp3ppp/2nqpn2/2pp4/3P4/2P1PN2/PP1NBPPP/R2Q1RK1 b - - 3 9	f8d8,b7b6,e6e5,h7h6,a8b8,a7a5,c8d7,g7g6,a7a6,f8e8,d6e7,c6e7,c5d4,h7h5,g8h8,f6d7
r1bqk2r/1p2ppbp/p1np2p1/2pN4/P3P1n1/3P2P1/1PP2PBP/R1BQK1NR b KQkq - 3 9	e8g8,e7e6,a8b8,g4f6,h7h6,c8d7,b7b6,d8a5,a8a7,c8e6,a6a5,h7h5,c6a5,g7d4,g4h6,e7e5
r1b2rk1/pp3ppp/2nqpn2/2pp4/3P4/2P1PN2/PP1NBPPP/R2QK2R w KQ - 2 9	e1g1,h2h3,d1b3,d1a4,a1c1,d1c2,a2a4,d1c1,b2b3,d1b1,d2f1,a2a3,e2d3,e2b5,d2b3,d4c5
r1bqk2r/pp1n1ppp/2pbpn2/3p4/2PP4/2N1PN2/PP2BPPP/R1BQK2R w KQkq - 3 7	b2b3,e1g1,a2a4,d1c2,c1d2,h2h3,f3d2,a2a3,d1d2,e2d3,d1b3,d1a4,f3g5,d1d3,a1b1,g2g3
r1bqkb1r/pp1n1ppp/2p1pn2/3p4/2PP4/2N1PN2/PP2BPPP/R1BQK2R b KQkq - 2 6	b7b6,f8e7,f8d6,d5c4,h7h6,a7a6,d8c7,f8b4,g7g6,a7a5,d8a5,a8b8,f6e4,d8b6,c6c5,d7b6
r1bq1rk1/ppp1bppp/2np1n2/4p3/P1B1P3/2NP1N2/1PP2PPP/R1BQK2R w KQ - 1 7	e1g1,h2h3,c1d2,a4a5,c1e3,a1b1,c1g5,c4a2,c3e2,c3d5,c4b3,d1e2,f3d2,c3b1,c3b5,f3g1
r1bq1rk1/1pp2pp1/p1np1n1p/2b1p3/4P3/1BPP1N2/PP3PPP/RNBQR1K1 w - - 2 9	b1d2,a2a4,h2h3,d3d4,a2a3,b3c2,c1e3,e1e2,c1d2,d1e2,e1f1,g1f1,d1d2,b1a3,b3a4,d1c2
rnbqk2r/ppp1ppbp/6p1/8/3PP3/2P2N2/P4PPP/R1BQKB1R b KQkq - 2 7	c7c5,c8g4,e8g8,a7a6,b8d7,c7c6,c8d7,h7h6,d8d6,b8c6,b7b6,a7a5,c8e6,h7h5,e7e6,d8d7
rnbqk2r/ppp1ppbp/6p1/8/3PP3/2P5/P4PPP/1RBQKBNR b Kkq - 2 7	c7c5,e8g8,e7e5,b7b6,c8d7,b8d7,a7a6,d8d6,h7h6,c7c6,b8c6,e7e6,c8e6,h7h5,a7a5,d8d7
r1bqk2r/pppp1ppp/5n2/1B2p3/1b1nP3/2NP1N2/PPP2PPP/R1BQK2R w KQkq - 1 6	f3d4,b5a4,b5c4,e1g1,c1d2,a2a4,a2a3,e1f1,f3d2,d1d2,b5a6,b5d7,f3e5,c1g5,h2h3,c1f4
r1bqk2r/pppp1ppp/2n2n2/1B2p3/1b2P3/2NP1N2/PPP2PPP/R1BQK2R b KQkq - 0 5	c6d4,d7d6,e8g8,b4c3,d8e7,c6a5,b4d6,c6e7,b4c5,c6b8,h7h6,a7a5,d7d5,a8b8,b7b6,a7a6
r1bqk2r/1pp2pp1/p1np1n1p/2b1p3/4P3/1BPP1N2/PP3PPP/RNBQR1K1 b kq - 1 8	e8g8,c5a7,c8d7,g7g5,c5b6,c8e6,f6h7,b7b5,a8b8,c6a5,a6a5,h8g8,c8g4,d8e7,e8f8,f6d7
rnbq1rk1/p1p2ppp/1p2pn2/3p4/1bPP4/2NBPN2/PP3PPP/R1BQK2R w KQ - 0 7	c4d5,e1g1,a2a3,d1e2,c1d2,h2h3,d1b3,f3e5,d1a4,d1c2,d3e2,a1b1,a2a4,d1d2,h2h4,d3c2
rnbq1rk1/pp2bpp1/2p1pn1p/3p4/2PP4/5NP1/PPQ1PPBP/RNB2RK1 w - - 0 8	f1d1,b2b3,c1f4,b1d2,a2a3,b1c3,f1e1,h2h4,h2h3,a2a4,f3e5,e2e3,c1e3,c1d2,c2d3,b1a3
rnbqk2r/pp2ppbp/6p1/2p5/3PP3/2P2N2/P4PPP/R1BQKB1R w KQkq - 0 8	a1b1,h2h3,c1e3,f1b5,f1c4,c1f4,f1e2,d1d2,e4e5,d1b3,c1d2,h2h4,a2a4,f1d3,d1c2,d1a4
rnbqk2r/ppp1bppp/4pn2/8/2Pp4/4PNP1/PPQP1PBP/RNB1K2R b KQkq - 0 6	c7c5,b8c6,d4d3,e8g8,d4e3,h7h5,b8a6,a7a5,e7c5,h7h6,g7g6,e6e5,c8d7,a7a6,d8d7,e8f8
r1bqkbnr/pp3ppp/2n1p3/3p4/3NP3/6P1/PPP2P1P/RNBQKB1R w KQkq - 0 6	b1c3,f1g2,f1b5,c1e3,e4d5,c2c3,d4c6,c1f4,a2a4,f1e2,d1d2,a2a3,c2c4,d4b5,f1h3,d4b3
rnbqk2r/pp2ppbp/6p1/2p5/3PP3/2P5/P4PPP/1RBQKBNR w Kkq - 0 8	g1f3,f1b5,c1e3,f1c4,d4d5,h2h4,g1e2,a2a4,d1c2,f1e2,d1a4,h2h3,e4e5,d1d2,c1f4,a2a3
rnbq1rk1/pp2bpp1/2p1pn1p/3p4/2PP4/5NP1/PPQ1PPBP/RNBR2K1 b - - 1 8	b8d7,b7b6,a7a5,f8e8,d8e8,a7a6,f6e4,d5c4,b7b5,d8a5,e7b4,b8a6,d8b6,f6e8,d8c7,c8d7
r1bqk1nr/pp2ppbp/2np2p1/2p5/4P3/2NP2P1/PPP1NPBP/R1BQK2R b KQkq - 1 6	e7e6,g8f6,e7e5,a8b8,c8d7,a7a6,b7b6,h7h5,h7h6,d8d7,c8g4,d8c7,c6d4,c8e6,d8a5,d8b6
r1bqk2r/pp1pppbp/2n2np1/2p5/2P4P/2N2NP1/PP1PPPB1/R1BQK2R b KQkq - 0 6	e8g8,d7d6,f6h5,d7d5,h7h5,e7e5,f6g4,d8a5,d8b6,a8b8,c6a5,e7e6,a7a5,h7h6,a7a6,b7b6
rnbq1rk1/pp2ppbp/3p1np1/8/3NP3/2N1B2P/PPPQ1PP1/R3KB1R b KQ - 4 8	d6d5,b8c6,c8d7,c8e6,b8d7,a7a6,d8a5,f8e8,d8c7,e7e6,h7h5,d8b6,f6e8,e7e5,d8d7,f6d7
r1bqkbnr/pp3ppp/2npp3/1N6/2P1P3/8/PP3PPP/RNBQKB1R b KQkq - 0 6	g8f6,f8e7,a7a6,h7h6,a8b8,h7h5,g7g6,e6e5,d8d7,g8h6,c6b8,d8e7,d8a5,b7b6,c6b4,c6e5
r1bqkb1r/1p2pppp/p1np1n2/6B1/3NP3/2N5/PPPQ1PPP/R3KB1R b KQkq - 1 7	e7e6,c8d7,c6d4,d8b6,h7h6,a8b8,f6d7,d8a5,h8g8,f6g4,h7h5,e7e5,g7g6,d8d7,c8g4,c6a7
rnbq1rk1/pp2b1pp/2p1pn2/3p1p2/2PP3P/5NP1/PPQ1PPB1/RNB1K2R w KQ - 2 8	c1f4,a2a3,b1c3,c1g5,e1g1,b1d2,b2b3,h4h5,a2a4,c1d2,e2e3,c1e3,c2b3,f3e5,c2d3,g2h3
rn1qk2r/pbp1bppp/1p1ppn2/8/2PP1B2/5NP1/PP2PPBP/RN1Q1RK1 b kq - 1 7	e8g8,h7h6,a7a6,c7c5,d8c8,b8d7,a7a5,b8a6,f6h5,d6d5,c7c6,b7c6,h7h5,g7g6,b6b5,f6d7
rnbqk2r/pp2b1pp/2p1pn2/3p1p2/2PP3P/5NP1/PPQ1PPB1/RNB1K2R b KQkq - 1 7	e8g8,b8d7,f6g4,f6e4,c8d7,a7a5,d8a5,e7d6,a7a6,e7b4,h7h6,b8a6,d8b6,b7b6,f6d7,d8d6
r1bqk1nr/pp3pbp/2npp1p1/2p5/4P3/2NP2P1/PPP1NPBP/R1BQK2R w KQkq - 0 7	c1e3,e1g1,a2a4,c1f4,a2a3,h2h4,h2h3,c1d2,a1b1,b2b3,c3b5,e2g1,f2f4,d1d2,e2f4,c3b1
rnbqk2r/ppp2ppp/3b4/3p4/2PPn3/5N2/PP2BPPP/RNBQK2R b KQkq - 0 7	d5c4,c7c6,e8g8,d6b4,c8e6,b8c6,c8f5,b8d7,h7h6,a7a5,a7a6,c8g4,e4f6,d6e7,b7b6,d8f6
r3kbnr/pp1b1ppp/2n1p3/3pP3/3P4/1P3N2/1P3PPP/RNB1KB1R w KQkq - 1 9	c1d2,b1c3,h2h4,f1e2,c1e3,e1d1,h2h3,f1d3,c1f4,h1g1,c1g5,g2g3,e1e2,g2g4,e1d2,b1d2
rn1q1rk1/pbp1bppp/1p1ppn2/8/2PP1B2/5NP1/PP2PPBP/RN1Q1RK1 w - - 2 8	b1c3,f1e1,d1b3,d1d2,d1d3,a2a4,h2h4,a2a3,f3e1,h2h3,f4c1,f4g5,f4e3,b2b4,d4d5,f3h4
rn1qk2r/pbppbppp/1p2pn2/8/2PP4/5NP1/PP2PPBP/RNBQ1RK1 b kq - 4 6	e8g8,b8a6,d7d5,d8c8,d7d6,c7c6,c7c5,b8c6,f6e4,a7a6,h7h6,a7a5,b6b5,e7d6,h7h5,b7c6
rnbq1rk1/pp2ppbp/5np1/3p4/3NP3/2N1B2P/PPPQ1PP1/R3KB1R w KQ - 0 9	e4d5,e4e5,e1c1,d4e2,f2f4,a1d1,d4b5,e3g5,d4b3,e3f4,d4f3,e3h6,f1e2,g2g4,a2a3,h3h4
r1b1kbnr/pp3ppp/2n1p3/3pP3/3P4/1P3N2/1P3PPP/RNB1KB1R b KQkq - 0 8	c6b4,a7a6,h7h5,f8b4,f7f6,c8d7,g8e7,a8b8,f8e7,h7h6,e8d8,c6d8,e8d7,g8h6,c6b8,e8e7
r1bq1rk1/pp1pppbp/2n2np1/2p5/2P4P/2N2NP1/PP1PPPB1/R1BQK2R w KQ - 1 7	d2d3,a2a3,d2d4,e1g1,c3d5,b2b3,f3h2,a2a4,a1b1,e1f1,f3g5,d1a4,d1b3,f3g1,c3a4,d1c2
r1bqkb1r/pp3ppp/2nppn2/1N6/2P1P3/8/PP3PPP/RNBQKB1R w KQkq - 1 7	b1c3,b5c3,f1d3,c1g5,b1d2,f2f3,d1f3,d1d3,d1c2,c1f4,f1e2,d1e2,g2g3,c1e3,a2a3,g2g4
rn1qkbnr/pp3ppp/2p1p3/3pPb2/3P4/2P2N2/PP3PPP/RNBQKB1R b KQkq - 0 5	c6c5,a7a6,g8e7,b8d7,h7h6,f8e7,f5g6,g8h6,a7a5,h7h5,d8c7,f5g4,f5e4,d8b6,d8d7,f7f6
r1bqk2r/pppp1ppp/5n2/4p3/Bb1nP3/2NP1N2/PPP2PPP/R1BQK2R b KQkq - 2 6	c7c6,d4f3,e8g8,b7b5,d8e7,a7a5,b4c3,b4c5,e8f8,a7a6,h7h5,h7h6,b4d6,c7c5,a8b8,d4c6
rn1q1rk1/pbppbppp/1p2pn2/8/2PP4/5NP1/PP2PPBP/RNBQ1RK1 w - - 5 7	b1c3,d4d5,f1e1,h2h4,a2a3,d1d3,b2b3,e2e3,a2a4,d1b3,h2h3,d1d2,c1f4,c1g5,b1d2,f3e5
rn1qkbnr/pp3ppp/4p3/2ppPb2/3P4/2P2N2/PP3PPP/RNBQKB1R w KQkq - 0 6	f1e2,f1d3,a2a3,f1b5,b1d2,c1e3,a2a4,d1a4,b1a3,h2h3,d1b3,g2g3,h2h4,b2b3,d4c5,c3c4
r1bqkb1r/1p3ppp/p1nppn2/6B1/3NP3/2N5/PPPQ1PPP/R3KB1R w KQkq - 0 8	e1c1,d4c6,f1e2,f2f4,a2a3,f2f3,g5e3,a1d1,h2h4,a2a4,d2e3,h2h3,f1c4,d4b3,g2g3,d2d3
rnbqkb1r/ppp2ppp/8/3p4/3Pn3/5N2/PPPN1PPP/R1BQKB1R b KQkq - 1 6	f8d6,c8f5,e4f6,f8e7,e4d2,c8g4,b8c6,f7f5,h7h6,b8d7,e4d6,c8e6,f8b4,c7c6,a7a5,e4g5
rn1qkb1r/ppp2ppp/8/3p1b2/3Pn3/5N2/PPPN1PPP/R1BQKB1R w KQkq - 2 7	f1e2,f1d3,c2c3,c2c4,g2g3,f3e5,f1b5,d2e4,d1e2,a2a3,a2a4,h2h3,h2h4,d2b3,a1b1,d2b1
rnbqk2r/pp3ppp/2pb4/3p4/2PPn3/5N2/PP2BPPP/RNBQK2R w KQkq - 0 8	b1c3,e1g1,d1b3,c4d5,e2d3,c1e3,h2h3,d1c2,a2a4,b1d2,f3d2,a2a3,c1d2,d1d3,d1a4,h2h4
rn1q1rk1/pp2ppbp/6p1/2p5/3PP1b1/2P1BN2/P4PPP/2RQKB1R w K - 4 10	f1e2,d4d5,d1d2,h2h4,f1c4,h2h3,d1a4,a2a4,d4c5,d1d3,c1c2,a2a3,e4e5,h1g1,e3g5,e3f4
r3kb1r/pp1qpppp/2n2n2/3p3b/3P1B2/1QPB3P/PP3PP1/RN2K1NR w KQkq - 1 9	b1d2,a2a4,f4h2,g1e2,a2a3,b3a4,d3e2,f4e3,b3c2,d3b5,d3c2,h3h4,d3f1,f4g3,f4e5,b3b5
r1bqk2r/pp1p1ppp/2p2n2/4p3/Bb1nP3/2NP1N2/PPP2PPP/R1BQK2R w KQkq - 0 7	e1g1,c1d2,c1e3,a2a3,f3d4,c1g5,f3d2,a4b3,a1b1,d1d2,h2h3,e1f1,h2h4,f3e5,f3g1,f3h4
r1bq1rk1/4bppp/p2p1n2/npp1p3/4P3/P2P1N2/BPP2PPP/RNBQR1K1 w - - 0 11	b1c3,c1e3,c1g5,b1d2,c1d2,h2h3,b2b4,c2c3,f3d2,a3a4,c2c4,e1f1,d1e2,g1h1,e1e3,e1e2
r3kb1r/pp1qpppp/2n2n2/3p4/3P1Bb1/1QPB3P/PP3PP1/RN2K1NR b KQkq - 0 8	g4h5,c6a5,g4e6,f6h5,g7g5,d7e6,g4f5,e7e5,e8c8,g7g6,e7e6,a7a6,h7h6,f6e4,h7h5,g4h3
rnbqk1nr/1p3ppp/p7/2bp4/P7/1N6/1PP2PPP/R1BQKBNR b KQkq - 1 7	c5b6,c5a7,c5d6,c5e7,d8e7,c5f8,c5b4,b7b6,b8c6,b8d7,g8e7,g8f6,c8f5,h7h6,d8b6,d8d6
r1bqk1nr/pp3pbp/2npp1p1/2p5/4P3/2NPB1P1/PPP1NPBP/R2QK2R b KQkq - 1 7	c6d4,g8e7,g8f6,e6e5,c8d7,a7a6,d8b6,g8h6,d8a5,b7b6,d8e7,d8c7,a8b8,g7d4,h7h5,d8d7
r1bqk2r/pp2ppbp/2np1np1/2p5/P3P3/2NPB1P1/1PP2PBP/R2QK1NR b KQkq - 0 7	a8b8,a7a6,b7b6,f6g4,e8g8,e7e5,e7e6,c6d4,c8d7,d8d7,f6d7,c8e6,c8g4,c6b4,d8b6,h7h6
1rbqk2r/pp2ppbp/2np1np1/2p5/P3P3/2NPB1P1/1PP2PBP/R2QK1NR w KQk - 1 8	h2h3,g1e2,g1f3,d1c1,e3d2,e3g5,e3f4,d1b1,c3d5,a1b1,e3c1,h2h4,d1e2,d1d2,g1h3,e1f1
r1bq1rk1/2p1bppp/p2p1n2/np2p3/4P3/P2P1N2/BPP2PPP/RNBQR1K1 b - - 2 10	c7c5,c8e6,c8g4,c7c6,c8d7,h7h6,a5c6,a8b8,a5b7,d8e8,c8b7,g8h8,f8e8,d8d7,a8a7,f6d7
rn1qk2r/pp2ppbp/6p1/2p5/3PP1b1/2P1BN2/P4PPP/2RQKB1R b Kkq - 3 9	e8g8,d8a5,c5d4,b8d7,g4f3,d8c7,a7a6,d8d7,b8c6,d8b6,d8d6,h7h6,d8c8,h7h5,g4d7,g4h5
r1bqk2r/pp2ppbp/2n3p1/2pn4/8/2N1PNP1/PP1P1PBP/R1BQ1RK1 b kq - 1 8	e8g8,a7a5,c5c4,h7h5,d5c3,c8e6,c8f5,d5b6,c8g4,a8b8,a7a6,h7h6,d5b4,d8d7,d5f6,e7e6
rnbqkb1r/pp1n1ppp/4p3/2ppP3/3P1P2/2NB4/PPP3PP/R1BQK1NR b KQkq - 1 6	b8c6,c5d4,d8b6,f8e7,d8h4,f7f5,a7a6,d8a5,g7g6,h7h6,a7a5,b8a6,b7b6,h7h5,d7b6,c5c4
rnbq1rk1/ppp1ppbp/3p1np1/8/3PP3/2N2N2/PPP1BPPP/R1BQ1RK1 b - - 5 6	e7e5,c7c5,b8c6,c8g4,a7a6,c7c6,f8e8,b8d7,d6d5,h7h6,a7a5,e7e6,b7b6,b8a6,c8d7,f6d7
rnbqk2r/ppp2ppp/3b4/3p4/3Pn3/3B1N2/PPPN1PPP/R1BQK2R b KQkq - 3 7	e8g8,c8f5,e4f6,e4d2,e4g5,f7f5,d8e7,b8d7,d6b4,h7h6,a7a6,a7a5,b8c6,c7c5,c7c6,d8f6
r1bq1rk1/pp2ppbp/2n3p1/2pn4/8/2N1PNP1/PP1P1PBP/R1BQ1RK1 w - - 2 9	d2d4,c3d5,h2h3,d1b3,d1e2,d1a4,h2h4,f1e1,c3e2,a2a4,g1h1,a2a3,g2h1,c3e4,c3a4,f3e1
rnbqk2r/pp2ppbp/3p1np1/8/3NP3/2N4P/PPP2PP1/R1BQKB1R w KQkq - 1 7	g2g3,f1e2,c1e3,g2g4,f1b5,f1c4,f2f4,a2a4,f1d3,d4b3,c1g5,d1d3,a2a3,a1b1,d4f3,d1f3
rnbq1rk1/ppp2pbp/3p1np1/4p3/3PP3/2N2N2/PPP1BPPP/R1BQ1RK1 w - - 0 7	d4e5,c1g5,d4d5,f1e1,g1h1,h2h3,c1e3,e2d3,a2a3,a2a4,e2c4,c1d2,a1b1,d1d3,d1e1,g2g3
r1bqkb1r/1p3ppp/p1np1n2/1N2p3/P3P3/2N5/1PP2PPP/R1BQKB1R w KQkq - 0 8	b5a3,c3d5,c1e3,c1g5,a4a5,f1e2,f1d3,f1c4,f2f3,c1d2,b2b4,a1a3,f2f4,a1b1,h2h3,b2b3
rnbqkb1r/pp1n1ppp/4p3/3pP3/3p1P2/2NB4/PPP3PP/R1BQK1NR w KQkq - 0 7	c3e2,c3b5,c3b1,c3a4,c3d5,g1f3,f4f5,a1b1,g1e2,a2a4,d1f3,g1h3,a2a3,h2h4,d1e2,c3e4
rnbqkb1r/pp2pp1p/3p1np1/8/3NP3/2N4P/PPP2PP1/R1BQKB1R b KQkq - 0 6	f8g7,b8c6,a7a6,c8d7,b8d7,e7e6,e7e5,h7h5,b7b6,b8a6,h7h6,d8a5,d8d7,d8c7,f6d7,a7a5
r1bqkb1r/pp3ppp/2np1n2/1N2p3/P3P3/2N5/1PP2PPP/R1BQKB1R b KQkq - 0 7	a7a6,f8e7,c6b4,c8e6,h7h6,c8g4,h7h5,a8b8,d8a5,c6b8,h8g8,c6a5,b7b6,d8b6,d8d7,d8e7
rnbq1rk1/ppp2ppp/3b4/3p4/3Pn3/3B1N2/PPPN1PPP/R1BQK2R w KQ - 4 8	d2e4,e1g1,a2a3,c2c3,c2c4,h2h3,d3e2,f3e5,a2a4,a1b1,d2f1,d2b3,d3b5,d2b1,d3f1,h2h4
r2qkb1r/pp1npppp/2p2nb1/8/3P3P/2P3N1/PP2NPP1/R1BQKB1R b KQkq - 0 8	h7h6,f6h5,e7e6,d8a5,e7e5,d8b6,d8c7,h8g8,h7h5,g6e4,d7b6,a7a5,d8c8,d8b8,a7a6,g6h5
r1bq1rk1/pp2ppbp/2np1np1/2p5/4P2P/2NP2P1/PPP1NPB1/R1BQ1RK1 b - - 4 8	a8b8,a7a6,c8g4,f6g4,f8e8,e7e5,c8d7,f6h5,c6e5,h7h5,h7h6,e7e6,c6d4,d8b6,d8a5,g8h8
r1bqk2r/pp2npbp/3pp1p1/2p5/3nP3/2NPB1P1/PPPQNPBP/R3K2R w KQkq - 4 9	c3d1,e1g1,h2h4,a1b1,a2a4,a1c1,f2f4,h2h3,a1d1,a2a3,e3g5,f2f3,e3f4,e2g1,d2d1,e2c1
r1b1k2r/pp3ppp/2nqpn2/2pp4/3P4/2P1PN2/PP1NBPPP/R2QK2R b KQkq - 1 8	e8g8,b7b6,h7h6,c8d7,a8b8,a7a5,a7a6,e6e5,g7g6,c6e7,h7h5,c5d4,f6d7,d6e7,c5c4,f6g4
1rbq1rk1/pp2ppbp/2np1np1/2p5/4P2P/2NP2P1/PPP1NPB1/R1BQ1RK1 w - - 5 9	a2a4,c3d5,a2a3,a1b1,c1f4,c1d2,c1g5,d3d4,f1e1,e2f4,g1h1,c3b5,d1e1,b2b3,d1d2,g2h1
rn1qkb1r/pp3ppp/2p1p3/5b2/P1BP1n2/2N1PN2/1P3PPP/R2QK2R w KQkq - 0 9	e3f4,g2g4,e1g1,d1b3,f3e5,h2h4,h1g1,e1f1,g2g3,h2h3,e1d2,a4a5,d4d5,f3h4,c4f1,a1c1
r1bqk2r/pp2npbp/2npp1p1/2p5/4P3/2NPB1P1/PPPQNPBP/R3K2R b KQkq - 3 8	c6d4,a8b8,h7h5,d8a5,e6e5,e8g8,c8d7,d8b6,b7b6,a7a6,b7b5,h7h6,c6e5,d8c7,g7e5,g7d4
r1bq1rk1/pp1pppbp/2n2np1/2p5/2P5/2NP1NP1/PP2PPBP/R1BQ1RK1 b - - 2 7	b7b6,d7d6,d7d5,h7h6,e7e6,a7a6,f8e8,f6e8,a7a5,d8c7,a8b8,h7h5,c6a5,d8a5,f6g4,e7e5
r1bq1rk1/pp2ppbp/2n2np1/2pp4/2P5/2NP1NP1/PP2PPBP/R1BQ1RK1 w - - 0 8	c4d5,c3d5,c1d2,f1e1,a2a3,c1g5,f3d2,h2h4,e2e4,c1f4,f3g5,b2b3,f3e1,d3d4,c3a4,d1c2
r2qkb1r/pp1nppp1/2p2nbp/8/3P3P/2P3N1/PP2NPP1/R1BQKB1R w KQkq - 0 9	e2f4,c1e3,a2a4,a2a3,c1f4,e2g1,d1d2,b2b4,h4h5,c1d2,b2b3,h1h3,d1b3,h1g1,f2f3,f2f4
rn1qkbnr/pp2pppp/2p3b1/8/3P1B2/6N1/PPP2PPP/R2QKBNR b KQkq - 4 6	e7e6,d8a5,g8f6,d8b6,b8d7,h7h6,h7h5,a7a5,a7a6,e7e5,b8a6,d8c8,g8h6,d8d5,b7b6,f7f6
rnbq1rk1/ppp2pbp/3p1np1/3Pp3/2P1P3/2N2N2/PP2BPPP/R1BQK2R b KQ - 0 7	a7a5,b8d7,b8a6,c8d7,d8e7,f6h5,c7c6,d8e8,g8h8,b7b6,f6e8,h7h6,d8d7,a7a6,c8g4,f8e8
rn1qkb1r/pp2pppp/2p2nb1/8/3P1B2/6N1/PPP2PPP/R2QKBNR w KQkq - 5 7	g1f3,h2h4,f1e2,f1c4,a2a3,c2c3,a2a4,d1d2,a1c1,f4b8,f4g5,h2h3,f4c1,f4e3,c2c4,f4e5
rnbqkb1r/1p3ppp/p2p1n2/4p3/3NP3/2N5/PPP1BPPP/R1BQK2R w KQkq - 0 7	d4b3,d4f3,d4f5,c1g5,b2b3,c1e3,f2f3,f2f4,a2a3,e1g1,g2g4,h2h3,h1f1,d1d2,h2h4,c3d5
rn1qkb1r/pp3ppp/2p1p3/3n1b2/P1BP1B2/2N1PN2/1P3PPP/R2QK2R b KQkq - 0 8	d5f4,f8b4,b8d7,a7a5,d8a5,d8b6,f5g6,f8e7,f8d6,h7h5,f5g4,h7h6,d5b6,d5c3,d8e7,a7a6
rnbq1rk1/1pp2pbp/3p1np1/p2Pp3/2P1P3/2N2N2/PP2BPPP/R1BQK2R w KQ - 0 8	h2h3,c1e3,c1g5,a2a3,h2h4,f3d2,e1g1,e2d3,d1c2,h1g1,g2g3,a1b1,c1d2,b2b3,e2f1,c4c5
r2qk2r/pp1bppbp/2np1np1/8/3NP3/2N1B3/PPP1BPPP/R2QK2R w KQkq - 6 9	d1d2,f2f3,a2a4,a2a3,e1g1,d4b3,h2h3,d4c6,f2f4,a1b1,h2h4,d1d3,a1c1,e2f3,d4f3,d4b5
