rn1qkb1r/pp2nppp/2p1p3/3pP3/2PPb3/5N1P/PP1N1PP1/R1BQKB1R b KQkq - 2 7	c6c5	-6	30
rn1qkbnr/pp3ppp/2p1p3/3pPb2/3P4/5N2/PPPN1PPP/R1BQKB1R b KQkq - 1 5	c6c5	-10	30
rn1qkbnr/pp2pppp/2p3b1/8/3P3P/6N1/PPP2PP1/R1BQKBNR b KQkq - 0 6	h7h6	-25	30
rn1qkbnr/pp2pppp/2p3b1/8/3P4/4B1N1/PPP2PPP/R2QKBNR b KQkq - 4 6	e7e6	-21	30
rn1qkbnr/pp3ppp/4p3/2ppPb2/3P4/2P2N2/PP2BPPP/RNBQK2R b KQkq - 1 6	b8c6	-32	30
rn1qkb1r/pp2pppp/2p2nb1/8/3P4/2P3N1/PP2NPPP/R1BQKB1R b KQkq - 0 7	b8d7	-17	30
rn1qkbnr/pp2pppp/2p3b1/8/3P4/6N1/PPP1NPPP/R1BQKB1R b KQkq - 4 6	g8f6	-22	30
rn1qkbnr/pp3ppp/2p1p1b1/8/3P3P/4B1N1/PPP2PP1/R2QKBNR b KQkq - 0 7	h7h6	-21	30
r2qkb1r/pp2pppp/2n2n2/3p4/3P1Bb1/1QPB4/PP3PPP/RN2K1NR b KQkq - 4 7	d8d7	-21	30
r1bqkb1r/pp2pppp/2n2n2/3p4/3P1B2/2PB4/PP3PPP/RN1QK1NR b KQkq - 2 6	c8g4	-20	30
rnbq1rk1/1pp1bppp/4pn2/p2p4/2PP4/5NP1/PP2PPBP/RNBQ1RK1 w - - 0 7	d1c2	31	30
rnbq1rk1/pp2bppp/2p1pn2/3p4/2PP4/5NP1/PP2PPBP/RNBQ1RK1 w - - 0 7	b1c3	24	30
rnbqk2r/ppp3pp/3bpn2/3p1p2/3P1B2/4PNP1/PPP2PBP/RN1QK2R b KQkq - 0 6	b7b5	-28	30
rnbqkb1r/ppp3pp/4pn2/3p1p2/3P3P/5NP1/PPP1PPB1/RNBQK2R b KQkq - 0 5	f8e7	-28	30
rnbqk2r/pp2b1pp/2p1pn2/3p1p2/2PP3P/5NP1/PPQ1PPB1/RNB1K2R b KQkq - 1 7	e8g8	-29	30
r1bq1rk1/1p2ppbp/p1np1np1/2p5/2P4P/2NP1NP1/PP2PPB1/1RBQK2R w K - 0 9	a2a3	-12	30
r1bqk2r/pp1pppbp/2n2np1/2p5/2P5/2N2NPP/PP1PPPB1/R1BQK2R b KQkq - 0 6	d7d5	41	30
r1bq1rk1/pp2ppbp/2np1np1/2p5/2P4P/2NP1NP1/PP2PPB1/1RBQK2R b K - 1 8	a8b8	13	30
r1bqk2r/pp1pppbp/2n2np1/2p5/2P5/2NP1NP1/PP2PPBP/R1BQK2R b KQkq - 0 6	e8g8	-6	30
r1bqk2r/pp1pppbp/2n2np1/2p5/Q1P5/2N2NP1/PP1PPPBP/R1B1K2R b KQkq - 5 6	e8g8	22	30
r1bqk2r/pp1pppbp/2n2np1/2p5/P1P5/2N2NP1/1P1PPPBP/R1BQK2R b KQkq - 0 6	d7d5	11	30
r1bqk2r/pp1pppbp/2n2np1/2p5/2P5/2N1PNP1/PP1P1PBP/R1BQK2R b KQkq - 0 6	d7d5	25	30
r1bq1rk1/pp2ppbp/2n3p1/2pn4/3P4/2N1PNP1/PP3PBP/R1BQK2R w KQ - 0 9	e1g1	-30	30
r1bq1rk1/pp1pppbp/2n2np1/2p5/2PP4/2N2NP1/PP2PPBP/R1BQ1RK1 b - - 0 7	d7d6	-40	30
r1bq1rk1/pp2ppbp/2np1np1/2p5/2P4P/2NP1NP1/PP2PPB1/R1BQK2R w KQ - 0 8	a1b1	-12	30
r1bqk2r/pp2ppbp/2n2np1/2pp4/2P5/2N2NPP/PP1PPPB1/R1BQK2R w KQkq - 0 7	c4d5	-34	30
r1bq1rk1/pp1pppbp/2n2np1/2p5/P1P5/2NP1NP1/1P2PPBP/R1BQK2R b KQ - 0 7	d7d5	10	30
r1bqk2r/pp1pppbp/2n2np1/2p5/2P4P/2N2NP1/PP1PPPB1/R1BQK2R b KQkq - 0 6	e8g8	15	30
r1bqk2r/pp2ppbp/2n3p1/2pn4/8/2N1PNP1/PP1P1PBP/R1BQ1RK1 b kq - 1 8	e8g8	20	30
r1bqk2r/ppp2ppp/2p2n2/4p3/4P3/P1P2N2/2PP1PPP/R1BQK2R b KQkq - 0 7	f6e4	-9	30
r1bq1rk1/pppp1ppp/2n2n2/1B2p3/4P3/2P2N1P/PPP2PP1/R1BQ1RK1 b - - 0 7	d7d6	7	30
r1b1kbnr/pp3ppp/4p3/3pP3/1n1P4/1P3N2/1P3PPP/RNB1KB1R w KQkq - 1 9	b1a3	-23	30
r1b1kbnr/pp3ppp/2n1p3/3pP3/3P4/1P3N2/1P3PPP/RNB1KB1R b KQkq - 0 8	c8d7	18	30
rnbqkb1r/pp1n1ppp/4p3/2ppP3/3P1P2/8/PPP1N1PP/R1BQKBNR b KQkq - 1 6	b8c6	-13	30
r1bqkb1r/pp1n1ppp/2n1p3/2ppP3/3P1P2/2NB4/PPP3PP/R1BQK1NR w KQkq - 2 7	g1f3	-7	30
r1bqk2r/pp1n1ppp/2n1p3/2bpP3/5P2/2NB1N2/PPP3PP/R1BQK2R b KQkq - 1 8	a7a6	20	30
r1bqk2r/pp1nbppp/2n1p3/2ppP3/3P1P2/2P2N2/PP2N1PP/R1BQKB1R b KQkq - 2 8	e8g8	-17	30
rnbqkb1r/pp3ppp/5n2/2pp4/3P4/8/PPPNBPPP/R1BQK1NR w KQkq - 2 6	g1f3	0	30
rnbqkbnr/pp3ppp/8/2pp4/P2P4/8/1PPN1PPP/R1BQKBNR b KQkq - 0 5	c5c4	23	30
rnbqkbnr/pp3ppp/8/2pp4/3P4/7P/PPPN1PP1/R1BQKBNR b KQkq - 0 5	c5d4	0	30
rnbqk1nr/pp3ppp/8/2bp4/8/1N6/PPP2PPP/R1BQKBNR b KQkq - 1 6	c5b6	6	30
rnbqk1nr/bp3ppp/p7/3p4/P7/1N6/1PP2PPP/R1BQKBNR w KQkq - 2 8	d1e2	0	30
rn2kb1r/pp1q1ppp/5n2/2pp4/3P4/7P/PPPN1PP1/R1BQK1NR w KQkq - 0 8	g1e2	-1	30
r1bqkbnr/pp3ppp/2n5/2pp4/3P4/P4N2/1PPN1PPP/R1BQKB1R b KQkq - 2 6	c5c4	9	30
rnbqk1nr/1p3ppp/p7/2bp4/P7/1N6/1PP2PPP/R1BQKBNR b KQkq - 1 7	c5a7	3	30
r1b1k2r/pp2nppp/2n1p3/q1ppP3/P2P4/2P2N2/2PB1PPP/R2QKB1R b KQkq - 4 9	c8d7	-32	30
rnbqk2r/p3nppp/1p2p3/2ppP3/P2P4/2P2N2/2P2PPP/R1BQKB1R b KQkq - 0 8	c8a6	-45	30
rnbqk2r/pp2nppp/4p3/2ppP3/3P4/P1P5/2P2PPP/1RBQKBNR b Kkq - 2 7	d8a5	-9	30
rnb1k2r/pp2nppp/4p3/q1ppP3/3P4/P1P5/2PB1PPP/1R1QKBNR b Kkq - 4 8	b7b6	0	30
rnbqk2r/pp2ppbp/6p1/2p5/3PP3/2P1BN2/P4PPP/R2QKB1R b KQkq - 1 8	d8a5	-4	30
r1bqk2r/pppnppbp/6p1/8/Q2PP3/2P2N2/P4PPP/R1B1KB1R b KQkq - 4 8	e8g8	-24	30
r1bqk2r/ppp2ppp/1bnp1n2/4p3/PPB1P3/2PP1N2/5PPP/RNBQK2R b KQkq - 0 7	a7a5	-1	30
r1bqk2r/ppp2ppp/2np1n2/2b1p3/2B1P3/2PP1N2/PP1N1PPP/R1BQK2R b KQkq - 1 6	e8g8	-22	30
r1bqk2r/ppp2pp1/2np1n1p/2b1p3/4P3/1BPP1N2/PP3PPP/RNBQ1RK1 b kq - 1 7	a7a5	-5	30
r1bq1rk1/ppp2ppp/2np1n2/2b1p3/2B1P3/2PP1N2/PP1N1PPP/R1BQ1RK1 b - - 3 7	a7a5	-18	30
r1bq1rk1/1pp2ppp/p1np1n2/2b1p3/2B1P3/2PP1N1P/PP1N1PP1/R1BQ1RK1 b - - 0 8	c6a5	-17	30
r1bqk2r/ppp2ppp/2np1n2/2b1p3/P1B1P3/2PP1N2/1P3PPP/RNBQK2R b KQkq - 0 6	a7a5	-11	30
r1bqk2r/1pp2ppp/1bnp1n2/pP2p3/P1B1P3/2PP1N2/5PPP/RNBQK2R b KQkq - 0 8	c6e7	0	30
rnbq1rk1/ppp2pbp/5np1/4p3/2P1P3/2N1BN2/PP2BPPP/R2QK2R b KQ - 1 8	b8c6	0	30
r1bq1rk1/ppp2pbp/n2p1np1/4p3/2PPP3/2NQ1N2/PP2BPPP/R1B1K2R w KQ - 2 8	d3d1	-7	30
rnbqr1k1/ppp2pbp/3p1np1/8/2PNP3/2N1B3/PPQ1BPPP/R3K2R b KQ - 2 9	c7c6	-17	30
rnbq1rk1/1pp2pbp/3p1np1/p2Pp3/2P1P3/2N2N1P/PP2BPP1/R1BQK2R b KQ - 0 8	b8a6	-51	30
rnbq1rk1/ppp2pbp/3p1np1/4p3/2PPP3/P1N2N2/1P2BPPP/R1BQK2R b KQ - 0 7	e5d4	0	30
rnbq1rk1/ppp2pbp/3p1np1/4p3/2PPP3/2N2N2/PP2BPPP/1RBQK2R b K - 1 7	b8c6	-2	30
r1b1qrk1/ppp2pbp/n2p2p1/4p1B1/2PPP1n1/2NQ1N2/PP2BPPP/R3K2R w KQ - 6 10	e1g1	-4	30
rnbq1rk1/ppp2pbp/3p1np1/4p3/2PPP3/2NQ1N2/PP2BPPP/R1B1K2R b KQ - 1 7	b8a6	0	30
r1bq1rk1/ppp2pbp/2np1np1/3Pp3/2P1P3/P1N2N2/1P2BPPP/R1BQK2R b KQ - 0 8	c6d4	-5	30
r1bqkb1r/pp3ppp/2n1pn2/2pp4/3P1B2/P1P1P3/1P1N1PPP/R2QKBNR b KQkq - 0 6	f8d6	10	30
r1bqkb1r/pp3ppp/2n1pn2/2pp4/3P4/2P1P1B1/PP1N1PPP/R2QKBNR b KQkq - 1 6	f8e7	1	30
r1bqkb1r/pp3ppp/2n1pn2/2pp4/3P1B2/2P1P3/PP1NBPPP/R2QK1NR b KQkq - 1 6	f8d6	2	30
r1bq1rk1/pp3ppp/2nbpn2/1Bpp4/3P1B2/2P1P2N/PP1N1PPP/R2QK2R w KQ - 4 8	d2f3	-20	30
r1b1k2r/pp3ppp/2nqpn2/2pp4/3P4/2P1P2P/PP1N1PP1/R2QKBNR w KQkq - 0 8	g1f3	-4	30
r1bqk2r/pp3ppp/2nbpn2/2pp4/3P4/P1P1P1B1/1P1N1PPP/R2QKBNR b KQkq - 2 7	e6e5	0	30
r1bq1rk1/pp2bppp/2n1pn2/2pp4/3P4/2PBP1B1/PP1NNPPP/R2QK2R b KQ - 5 8	a7a5	11	30
r1bqk2r/pp3ppp/2nbpn2/2pp4/3P1B2/P1P1P3/1P1N1PPP/R2QKBNR w KQkq - 1 7	f4d6	-8	30
r1bqk2r/pp3ppp/2nbpn2/1Bpp4/3P1B2/2P1P2N/PP1N1PPP/R2QK2R b KQkq - 3 7	e8g8	22	30
r1bqk2r/pp3ppp/2nbpn2/2pp4/3P1B2/2P1P2N/PP1N1PPP/R2QKB1R w KQkq - 2 7	f4d6	-9	30
rnbq1rk1/ppp2ppp/4pn2/8/1bBP4/2N1P2P/PP3PP1/R1BQK1NR b KQ - 0 7	c7c5	5	30
rnbq1rk1/ppp2ppp/4pn2/3p4/2PP4/P1PBP3/5PPP/R1BQK1NR b KQ - 0 7	d5c4	-8	30
rnbq1rk1/p1p2ppp/1p3n2/3p4/1b1P4/2NBPN2/PP3PPP/R1BQ1RK1 b - - 1 8	c7c5	-10	30
rnbq1rk1/pp3ppp/4pn2/2p5/1bBP4/2N1P2P/PP3PP1/R1BQK1NR w KQ - 0 8	g1e2	-2	30
rnbq1rk1/ppp2ppp/5n2/3p4/1b1P4/2NBP3/PP2NPPP/R1BQK2R b KQ - 1 7	f8e8	0	30
rnbq1rk1/pp3ppp/4pn2/2p5/1bBP4/2N1P3/PPQ2PPP/R1B1K1NR w KQ - 0 8	a2a3	0	30
rnbq1rk1/ppp2ppp/4pn2/3p4/1bPP4/2NBP3/PP1B1PPP/R2QK1NR b KQ - 1 6	d5c4	4	30
rnbq1rk1/pp3ppp/4pn2/b1p5/2BP4/P1N1P2P/1P3PP1/R1BQK1NR w KQ - 1 9	g1e2	-1	30
rnbqkb1r/ppp2ppp/8/3p4/3Pn3/P4N2/1PP2PPP/RNBQKB1R b KQkq - 0 6	f8d6	2	30
rnbqkb1r/pp3ppp/2p5/1B1p4/3Pn3/5N2/PPP2PPP/RNBQK2R w KQkq - 0 7	b5d3	0	30
rnbqk2r/ppp2ppp/3b4/3p4/3Pn3/2P2N1P/PP2BPP1/RNBQK2R b KQkq - 2 8	e8g8	9	30
rnbqk2r/pp3ppp/2pb4/3p4/2PPn3/5N2/PP2BPPP/RNBQ1RK1 b kq - 1 8	e8g8	0	30
rnbqkb1r/ppp2ppp/8/3p4/3Pn3/5N2/PPP1BPPP/RNBQK2R b KQkq - 1 6	f8d6	-7	30
rnbqkb1r/pp3ppp/2p5/3p4/3Pn3/3B1N2/PPP2PPP/RNBQK2R b KQkq - 1 7	f8d6	3	30
rnbq1rk1/ppp2ppp/3b4/3p4/3Pn3/3BBN2/PPP2PPP/RN1Q1RK1 b - - 5 8	f8e8	4	30
rnbqk2r/ppp2ppp/3b4/3p4/3Pn3/2P2N1P/PP3PP1/RNBQKB1R w KQkq - 1 8	f1d3	2	30
rnbqk2r/ppp2ppp/3b4/3p4/3Pn3/2PB1N1P/PP3PP1/RNBQK2R b KQkq - 2 8	c8f5	3	30
rnbqk2r/ppp2ppp/8/3p4/1b1Pn3/2P2N1P/PP3PP1/RNBQKB1R b KQkq - 0 7	b4d6	-2	30
rnbq1rk1/ppp1ppbp/3p1np1/8/3PPB2/2N2N2/PPP1BPPP/R2QK2R b KQ - 5 6	b8c6	-21	30
r1bq1rk1/ppp2pbp/2np1np1/P2Pp3/4P3/2N2N2/1PP1BPPP/R1BQK2R b KQ - 0 8	c6e7	-24	30
r2q1rk1/pppnppbp/3p1npB/8/3PP1b1/2N2N2/PPPQBPPP/R3K2R b KQ - 9 8	e7e5	-38	30
rnbq1rk1/ppp1ppbp/3p1np1/6B1/3PP3/2N2N2/PPP1BPPP/R2QK2R b KQ - 5 6	c7c5	-28	30
rnbq1rk1/ppp1ppbp/3p1np1/8/P2PP3/2N2N2/1PP1BPPP/R1BQK2R b KQ - 0 6	b8c6	-18	30
rnbqkb1r/1p3ppp/p3pn2/2p5/2BP4/2N1PN2/PP3PPP/R1BQ1RK1 b kq - 1 7	b7b5	-6	30
rnbqkb1r/pp3ppp/4pn2/2p5/2BP4/4PN2/PP2QPPP/RNB1K2R b KQkq - 1 6	a7a6	-17	30
rnbqkb1r/1p3ppp/p3pn2/2p5/2BP4/4PN1P/PP3PP1/RNBQ1RK1 b kq - 1 7	b7b5	-9	30
r1bq1rk1/pppnbpp1/4pn1p/3p4/2PP3B/2N1PN2/PP3PPP/R2QKB1R w KQ - 2 8	a1c1	9	30
rnb2rk1/ppp1qpp1/4p2p/3p4/2PPn3/2N1PN2/PP3PPP/R2QKB1R w KQ - 0 9	a1c1	14	30
rn1q1rk1/pbppbppp/1p2pn2/8/2PP4/5NP1/PP2PPBP/RNBQR1K1 b - - 6 7	d7d5	-27	30
rn1q1rk1/pbp1bppp/1p1ppn2/8/2PP4/PP3NP1/4PPBP/RNBQ1RK1 b - - 0 8	c7c5	-4	30
rn1qk2r/pbppbppp/1p2pn2/8/2PP1B2/5NP1/PP2PPBP/RN1QK2R b KQkq - 4 6	d7d6	-10	30
rn1qk2r/pbp1bppp/1p1ppn2/8/2PP1B2/5NP1/PP2PPBP/RN1Q1RK1 b kq - 1 7	e8g8	-7	30
rnbqk2r/ppp1bppp/4pn2/3p4/2P5/3P1NP1/PP2PPBP/RNBQK2R b KQkq - 0 5	e8g8	-7	30
rnbq1rk1/pp2bppp/4pn2/2pp4/2PP4/N4NP1/PP2PPBP/R1BQ1RK1 b - - 1 7	b8c6	0	30
rnbqk2r/pp2bppp/4pn2/8/2Pp4/5NP1/PPQP1PBP/RNB1K2R w KQkq - 0 8	d2d3	-25	30
rnbqk2r/ppp1bppp/4pn2/3p4/2P5/1P3NP1/P2PPPBP/RNBQK2R b KQkq - 0 5	d5d4	-6	30
rnbq1rk1/pp2bppp/4pn2/2ppN3/2P5/3P2P1/PP2PPBP/RNBQ1RK1 b - - 0 7	a7a6	5	30
rnbqk2r/ppp1bppp/4pn2/3p4/2P5/P4NP1/1P1PPPBP/RNBQK2R b KQkq - 0 5	e8g8	11	30
rnbq1rk1/ppp1bppp/4pn2/3p4/2P5/N4NP1/PP1PPPBP/R1BQK2R w KQ - 5 6	e1g1	-5	30
rnbq1rk1/pp2bppp/4pn2/2pp4/2PP4/N4NP1/PP2PPBP/R1BQK2R w KQ - 0 7	e1g1	0	30
rnbqk2r/ppp1bppp/4pn2/8/2Pp4/1P3NP1/P2PPPBP/RNBQ1RK1 b kq - 1 6	c7c5	3	30
r1bqk2r/pp2bppp/2n1pn2/2p5/2Pp4/1P1P1NP1/P3PPBP/RNBQ1RK1 w kq - 1 8	e2e3	-10	30
rnbq1rk1/ppp1bppp/4pn2/3p4/2P5/3P1NP1/PP2PPBP/RNBQ1RK1 b - - 2 6	c7c5	0	30
rnbq1rk1/ppp1bppp/4pn2/3p4/2P5/P4NP1/1P1PPPBP/RNBQK2R w KQ - 1 6	d2d4	-8	30
rnbqk2r/ppp1bppp/4pn2/3pN3/2P5/6P1/PP1PPPBP/RNBQK2R b KQkq - 4 5	c7c5	5	30
rnbq1rk1/ppp1bppp/4pn2/3p4/2PP4/N4NP1/PP2PPBP/R1BQK2R b KQ - 0 6	c7c5	3	30
r1bq1rk1/ppp1bppp/2n1pn2/3p4/2P5/1P1P1NP1/P3PPBP/RNBQ1RK1 b - - 0 7	d5d4	0	30
r2qk2r/2p1bppp/p1np1n2/1p2p3/4P3/1BN2Q1P/PPPP1PP1/R1B1R1K1 b kq - 0 10	c6d4	6	30
r1bq1rk1/2p1bppp/p1np1n2/1p2p3/4P3/PB1P1N2/1PP2PPP/RNBQR1K1 b - - 0 9	c6a5	4	30
r2qk2r/2pbbppp/p1np1n2/1p2p3/P3P3/1BP2N2/1P1P1PPP/RNBQR1K1 b kq - 0 9	e8g8	-16	30
r1bq1rk1/2p1bppp/p2p1n2/np2p3/4P3/1BNP1N1P/PPP2PP1/R1BQR1K1 b - - 0 10	f8e8	21	30
r1bq1rk1/2p1bppp/p2p1n2/np2p3/4P3/1B1P1N1P/PPP2PP1/RNBQR1K1 w - - 1 10	b1c3	-8	30
r1bqk2r/2p1bppp/p1np1n2/1p2p3/4P3/1B1P1N2/PPP2PPP/RNBQR1K1 b kq - 0 8	c6a5	12	30
r2q1rk1/2pbbppp/p1np1n2/1p2p3/P2PP3/1BP2N2/1P3PPP/RNBQR1K1 b - - 0 10	h7h6	-14	30
r2q1rk1/1bp1bppp/p2p1n2/np2p3/4P3/1BNP1N1P/PPP2PP1/R1BQR1K1 w - - 1 11	c3e2	-20	30
r1bqk2r/2p1bppp/p1np1n2/1p2p3/4P3/1BN2N2/PPPP1PPP/R1BQR1K1 b kq - 1 8	c8g4	1	30
r1bqr1k1/2p1bppp/p2p1n2/np2p3/4P3/1B1P1N1P/PPPN1PP1/R1BQR1K1 w - - 3 11	d2f1	-21	30
r1bqk2r/2p1bppp/p1np1n2/1p2p3/4P3/1B3N2/PPPPQPPP/RNB1R1K1 b kq - 1 8	c6a5	13	30
r1bqk2r/2p1bppp/p2p1n2/np2p3/4P3/1B1P1N2/PPP2PPP/RNBQR1K1 w kq - 1 9	c1d2	-6	30
r1bqk2r/pppp1ppp/2n2n2/1B6/1b1NP3/2P5/PP3PPP/RNBQK2R b KQkq - 0 6	b4c5	20	30
r1bq1rk1/pppp1ppp/2n2n2/1Bb5/3NP3/2P5/PP3PPP/RNBQ1RK1 w - - 3 8	f1e1	-7	30
r1bqk2r/pppp1ppp/2n2n2/8/1b1NP3/3Q4/PPPB1PPP/RN2KB1R b KQkq - 4 6	d8e7	18	30
r1bqk2r/pppp1ppp/2n2n2/1Bb5/3NP3/2P5/PP3PPP/RNBQ1RK1 b kq - 2 7	e8g8	5	30
r1bq1rk1/pp1n1ppp/2pbpn2/3p4/2PP4/1PN1PN2/P3BPPP/R1BQ1RK1 b - - 0 8	b7b6	-16	30
r1bqk2r/pp1n1ppp/2pbpn2/3p4/P1PP4/2N1PN2/1P2BPPP/R1BQK2R b KQkq - 2 7	e8g8	-14	30
r1bqkb1r/pp1n1ppp/2p1pn2/3p4/2PP4/2N1PN1P/PP3PP1/R1BQKB1R b KQkq - 0 6	f8d6	-5	30
r1bqkb1r/pp1n1ppp/2p1pn2/3p4/2PP4/2N1PN2/PPQ2PPP/R1B1KB1R b KQkq - 2 6	f8d6	-13	30
r1b1k2r/pp1nqppp/2pbpn2/3p4/P1PP4/2N1PN2/1P2BPPP/R1BQ1RK1 b kq - 4 8	e8g8	-10	30
r1bqkb1r/1p2pppp/p1np4/8/4P1n1/1NN5/PPPB1PPP/R2QKB1R b KQkq - 3 8	g4f6	-22	30
r1bqkb1r/pp2pppp/2np1n2/8/4P3/1NN5/PPP2PPP/R1BQKB1R b KQkq - 4 6	g7g6	-20	30
r1bqkb1r/pp2pppp/2np1n2/1B6/3NP3/2N5/PPP2PPP/R1BQK2R b KQkq - 4 6	c8d7	-22	30
r2qkb1r/pp1bpppp/2np1n2/1B4B1/3NP3/2N5/PPP2PPP/R2QK2R b KQkq - 6 7	e7e6	-15	30
r1bqk2r/1p2ppbp/p1np1np1/2p5/P3P3/2NPB1P1/1PP2PBP/R2QK1NR w KQkq - 0 8	h2h3	-12	30
r1bqk1nr/pp2ppbp/2np2p1/2p5/4P3/2NPB1P1/PPP2PBP/R2QK1NR b KQkq - 1 6	a8b8	8	30
1rbqk1nr/pp2ppbp/2np2p1/2p5/P3P3/2NP2P1/1PP1NPBP/R1BQK2R b KQk - 0 7	e7e5	5	30
1rbqk2r/pp2ppbp/2np1np1/2p5/4P3/2NP1NP1/PPP2PBP/R1BQ1RK1 w k - 4 8	c3d5	-4	30
1rbqk2r/pp2ppbp/2np1np1/2p5/P3P3/2NP1NP1/1PP2PBP/R1BQ1RK1 b k - 0 8	e8g8	11	30
r1bq1rk1/pp2ppbp/2np1np1/2p5/4P2P/2NP2P1/PPP1NPB1/R1BQK2R w KQ - 3 8	a2a4	-28	30
r1bqk2r/pp2ppbp/2np1np1/2p5/4P2P/2NP2P1/PPP2PB1/R1BQK1NR w KQkq - 1 7	g1e2	-34	30
r1bq1rk1/pp2npbp/2np2p1/2p1p3/4P3/P1NP2PP/1PP1NPB1/R1BQK2R w KQ - 3 9	e1g1	-25	30
r1bqk2r/pp2ppbp/2np1np1/2p5/4P2P/2NP2P1/PPP1NPB1/R1BQK2R b KQkq - 2 7	c8g4	32	30
r1bqk2r/pp2npbp/2np2p1/2p1p3/4P3/P1NP2PP/1PP1NPB1/R1BQK2R b KQkq - 2 8	e8g8	30	30
r1bqk2r/pp2npbp/2np2p1/2p1p3/4P3/P1NP2PP/1PP2PB1/R1BQK1NR w KQkq - 1 8	g1e2	-23	30
r1bqk1nr/pp2ppbp/2np2p1/2p5/4PP2/2NP2P1/PPP3BP/R1BQK1NR b KQkq - 0 6	e7e6	15	30
r1bqk1nr/pp2ppbp/2np2p1/2p5/4P2P/2NP2P1/PPP2PB1/R1BQK1NR b KQkq - 0 6	g8f6	30	30
1rbqk2r/pp2ppbp/2np1np1/2p5/P3P3/2NP2P1/1PP1NPBP/R1BQ1RK1 b k - 2 8	e8g8	-3	30
r1bqk1nr/pp3pbp/2np2p1/2p1p3/4P3/2NP2PP/PPP1NPB1/R1BQK2R b KQkq - 1 7	g8e7	13	30
1rbqk1nr/pp3pbp/2npp1p1/2p5/4PP2/2NP1NP1/PPP3BP/R1BQK2R w KQk - 2 8	a2a4	-14	30
r1bqk1nr/pp3pbp/2np2p1/2p1p3/4P3/P1NP2PP/1PP2PB1/R1BQK1NR b KQkq - 0 7	g8e7	22	30
r1bqk2r/pp2ppbp/2np1np1/2p5/4P3/2NP1NP1/PPP2PBP/R1BQ1RK1 b kq - 3 7	e8g8	15	30
1rbqk1nr/pp3pbp/2npp1p1/2p5/4PP2/2NPBNP1/PPP3BP/R2QK2R b KQk - 3 8	g8e7	14	30
r1bqk2r/pp2ppbp/2np1np1/2p5/P3P3/2NP1NP1/1PP2PBP/R1BQK2R b KQkq - 0 7	e8g8	15	30
r1bqk2r/1p2ppbp/p1np1np1/2pN4/P3P3/3PB1P1/1PP2PBP/R2QK1NR b KQkq - 1 8	a8b8	22	30
r1bqk1nr/pp2ppbp/2np2p1/2p5/P3P3/2NP2P1/1PP2PBP/R1BQK1NR b KQkq - 0 6	b7b6	3	30
r1bqk2r/1p2ppbp/p1np2p1/2pN4/P3P1n1/3PB1P1/1PP2PBP/R2QK1NR w KQkq - 2 9	e3c1	-6	30
r1bqk2r/pp2ppbp/2np1np1/2p5/P3P3/2NPB1P1/1PP2PBP/R2QK1NR b KQkq - 0 7	a8b8	8	30
r1bq1rk1/pp2ppbp/2np1np1/2p5/4P2P/2NP2P1/PPP1NPB1/R1BQ1RK1 b - - 4 8	c8g4	40	30
rnbqkb1r/pp2pp1p/3p1np1/8/3NP3/2N5/PPP1BPPP/R1BQK2R b KQkq - 1 6	b8c6	-17	30
rnbqkb1r/1p3ppp/p2p1n2/4p3/4P3/1NN1B3/PPP2PPP/R2QKB1R b KQkq - 1 7	c8e6	-32	30
rnbqkb1r/1p2pppp/p2p1n2/8/3NP3/2N1B3/PPP2PPP/R2QKB1R b KQkq - 1 6	e7e5	-30	30
rn1qkb1r/1p3ppp/p2pbn2/4p3/4P3/1NN1B2P/PPP2PP1/R2QKB1R b KQkq - 3 8	f8e7	-13	30
rnbqk2r/1p2bppp/p2ppn2/8/4PPP1/1NN5/PPP4P/R1BQKB1R b KQkq - 0 8	d6d5	-11	30
r1bqkb1r/1p3ppp/p1np1n2/4p3/4P3/N1N1B3/PPP2PPP/R2QKB1R b KQkq - 1 8	a8b8	0	30
r1bqkb1r/1p3ppp/p1np1n2/4p3/P3P3/N1N5/1PP2PPP/R1BQKB1R b KQkq - 1 8	c8g4	7	30
r1bqkb1r/1p3ppp/p1np1n2/4p3/4P3/N1N2P2/PPP3PP/R1BQKB1R b KQkq - 1 8	c8e6	28	30
1rbqkb1r/1p3ppp/p1np1n2/4p1B1/4P3/N1N5/PPP2PPP/R2QKB1R b KQk - 3 9	b7b5	1	30
r1bqkb1r/pp3ppp/2np4/1N1Pp3/8/8/PPP2PPP/R1BQKB1R b KQkq - 0 8	c6b8	-22	30
r2qkb1r/pp3ppp/2np1n2/4p3/4P1b1/N1N2P2/PPP3PP/R1BQKB1R b KQkq - 0 8	g4e6	6	30
r2qkb1r/pp3ppp/2npbn2/4p3/2B1P3/N1N2P2/PPP3PP/R1BQK2R b KQkq - 2 9	c6a5	0	30
r2qkb1r/1p3ppp/p1np1n2/4p3/P3P1b1/N1N5/1PP2PPP/R1BQKB1R w KQkq - 2 9	f1e2	-9	30
r1bqkb1r/pp3ppp/2np1n2/1N2p3/4P3/2N5/PPP1BPPP/R1BQK2R b KQkq - 1 7	a7a6	7	30
r2qkb1r/1p3ppp/p1npbn2/4p3/4P3/N1N2P2/PPP3PP/R1BQKB1R w KQkq - 2 9	a3c4	-23	30
r2qkb1r/1p3ppp/p1npbn2/4p1B1/4P3/N1N2P2/PPP3PP/R2QKB1R b KQkq - 3 9	f8e7	28	30
r1bqk1nr/pp1p1ppp/1bn1p3/8/4P3/PNN5/1PP2PPP/R1BQKB1R b KQkq - 4 7	g8e7	-25	30
r1bqk1nr/pp1p1ppp/2n1p3/2b5/4P3/PN6/1PP2PPP/RNBQKB1R b KQkq - 2 6	c5b6	-19	30
r2qkb1r/pp1n1ppp/2p1pn2/5b2/P1NP4/2N1P3/1P3PPP/R1BQKB1R b KQkq - 0 8	f8b4	-6	30
rn1qkb1r/pp3ppp/2p1p3/3n1b2/P1BP1B2/2N1PN2/1P3PPP/R2QK2R b KQkq - 0 8	d5f4	23	30
r1bqk2r/ppp1bppp/2np1n2/4p3/P1B1P3/3P1N2/1PPN1PPP/R1BQK2R b KQkq - 0 6	c6a5	-20	30
r1bq1rk1/ppp1bppp/2np1n2/4p3/P1B1P3/2PP1N2/1P3PPP/RNBQ1RK1 b - - 0 7	a7a5	-28	30
r1bqk2r/ppppbppp/2n2n2/4p3/2B1P3/2NP1N2/PPP2PPP/R1BQK2R b KQkq - 2 5	d7d6	-22	30
r1bqk2r/ppp1bppp/2n5/3np3/P1B5/3P1N2/1PP2PPP/RNBQ1RK1 b kq - 1 7	c8e6	-10	30
